Workbook

Sheet Hoja4
A1: Equipo 1 Ganador | D1: Equipo 2 Ganador | G1: Empates
A3: Etiquetas de fila | B3: Suma de GanoEquipo1 | D3: Etiquetas de fila | E3: Suma de GanoEquipo2 | G3: Etiquetas de fila | H3: Suma de Empate
A4: ArgentinaBolivia | B4: 10 | D4: BoliviaArgentina | E4: 2 | G4: ArgentinaBolivia | H4: 2
A5: ArgentinaBrazil | B5: 15 | D5: BrazilArgentina | E5: 9 | G5: ArgentinaBrazil | H5: 8
A6: ArgentinaChile | B6: 18 | D6: BrazilBolivia | E6: 8 | G6: ArgentinaChile | H6: 6
A7: ArgentinaColombia | B7: 7 | D7: BrazilChile | E7: 16 | G7: ArgentinaColombia | H7: 3
A8: ArgentinaCosta Rica | B8: 1 | D8: BrazilColombia | E8: 7 | G8: ArgentinaCosta Rica | H8: 0
A9: ArgentinaEcuador | B9: 10 | D9: BrazilEcuador | E9: 12 | G9: ArgentinaEcuador | H9: 5
A10: ArgentinaJamaica | B10: 1 | D10: BrazilParaguay | E10: 13 | G10: ArgentinaJamaica | H10: 0
A11: ArgentinaMexico | B11: 2 | D11: BrazilPeru | E11: 11 | G11: ArgentinaMexico | H11: 1
A12: ArgentinaParaguay | B12: 18 | D12: BrazilUruguay | E12: 9 | G12: ArgentinaParaguay | H12: 5
A13: ArgentinaPeru | B13: 12 | D13: BrazilVenezuela | E13: 5 | G13: ArgentinaPeru | H13: 2
A14: ArgentinaUnited States | B14: 1 | D14: ChileArgentina | E14: 0 | G14: ArgentinaUnited States | H14: 0
A15: ArgentinaUruguay | B15: 14 | D15: ChileBolivia | E15: 8 | G15: ArgentinaUruguay | H15: 4
... A88: Total general | B88: 294 | D88: Total general | E88: 299 | G88: Total general | H88: 153

Sheet Hoja1
A1: Fecha | B1: Equipo1 | C1: Equipo2 | D1: Marcador | E1: Ciudad | F1: Torneo | G1: Fixture | H1: GolE1 | I1: GolE2 | J1: Copa_América | K1: id1 | L1: id2 | M1: GanoEquipo1 | N1: GanoEquipo2 | O1: Empate
A2: 6028 | B2: Chile | C2: Uruguay | D2: 0 - 4 | E2: Buenos Aires, Arg | F2: Copa América | G2: Chile vs Uruguay | H2: 0 | I2: 4 | J2: 1 | K2: =CONCATENATE(B2,C2) -> ChileUruguay | L2: =CONCATENATE(C2,B2) -> UruguayChile | M2: =IF(H2>I2,1,0) -> 0 | N2: =IF(I2>H2,1,0) -> 1 | O2: =IF(I2=H2,1,0) -> 0
A3: 6032 | B3: Argentina | C3: Chile | D3: 42010 | E3: Buenos Aires | F3: Copa América | G3: Argentina vs Chile | H3: 6 | I3: 1 | J3: 1 | K3: =CONCATENATE(B3,C3) -> ArgentinaChile | L3: =CONCATENATE(C3,B3) -> ChileArgentina | M3: =IF(H3>I3,1,0) -> 1 | N3: =IF(I3>H3,1,0) -> 0 | O3: =IF(I3=H3,1,0) -> 0
A4: 6034 | B4: Chile | C4: Brazil | D4: 42005 | E4: Buenos Aires, Arg | F4: Copa América | G4: Chile vs Brazil | H4: 1 | I4: 1 | J4: 1 | K4: =CONCATENATE(B4,C4) -> ChileBrazil | L4: =CONCATENATE(C4,B4) -> BrazilChile | M4: =IF(H4>I4,1,0) -> 0 | N4: =IF(I4>H4,1,0) -> 0 | O4: =IF(I4=H4,1,0) -> 1
A5: 6036 | B5: Argentina | C5: Brazil | D5: 42005 | E5: Buenos Aires | F5: Copa América | G5: Argentina vs Brazil | H5: 1 | I5: 1 | J5: 1 | K5: =CONCATENATE(B5,C5) -> ArgentinaBrazil | L5: =CONCATENATE(C5,B5) -> BrazilArgentina | M5: =IF(H5>I5,1,0) -> 0 | N5: =IF(I5>H5,1,0) -> 0 | O5: =IF(I5=H5,1,0) -> 1
A6: 6038 | B6: Uruguay | C6: Brazil | D6: 42006 | E6: Buenos Aires, ARG | F6: Copa América | G6: Uruguay vs Brazil | H6: 2 | I6: 1 | J6: 1 | K6: =CONCATENATE(B6,C6) -> UruguayBrazil | L6: =CONCATENATE(C6,B6) -> BrazilUruguay | M6: =IF(H6>I6,1,0) -> 1 | N6: =IF(I6>H6,1,0) -> 0 | O6: =IF(I6=H6,1,0) -> 0
A7: 6043 | B7: Argentina | C7: Uruguay | D7: 0 - 0 | E7: Avellaneda | F7: Copa América | G7: Argentina vs Uruguay | H7: 0 | I7: 0 | J7: 1 | K7: =CONCATENATE(B7,C7) -> ArgentinaUruguay | L7: =CONCATENATE(C7,B7) -> UruguayArgentina | M7: =IF(H7>I7,1,0) -> 0 | N7: =IF(I7>H7,1,0) -> 0 | O7: =IF(I7=H7,1,0) -> 1
A8: 6483 | B8: Chile | C8: Uruguay | D8: 0 - 4 | E8: Montevideo, Uru | F8: Copa América | G8: Chile vs Uruguay | H8: 0 | I8: 4 | J8: 2 | K8: =CONCATENATE(B8,C8) -> ChileUruguay | L8: =CONCATENATE(C8,B8) -> UruguayChile | M8: =IF(H8>I8,1,0) -> 0 | N8: =IF(I8>H8,1,0) -> 1 | O8: =IF(I8=H8,1,0) -> 0
A9: 6486 | B9: Argentina | C9: Brazil | D9: 42039 | E9: Montevideo | F9: Copa América | G9: Argentina vs Brazil | H9: 4 | I9: 2 | J9: 2 | K9: =CONCATENATE(B9,C9) -> ArgentinaBrazil | L9: =CONCATENATE(C9,B9) -> BrazilArgentina | M9: =IF(H9>I9,1,0) -> 1 | N9: =IF(I9>H9,1,0) -> 0 | O9: =IF(I9=H9,1,0) -> 0
A10: 6489 | B10: Argentina | C10: Chile | D10: 1 - 0 | E10: Montevideo | F10: Copa América | G10: Argentina vs Chile | H10: 1 | I10: 0 | J10: 2 | K10: =CONCATENATE(B10,C10) -> ArgentinaChile | L10: =CONCATENATE(C10,B10) -> ChileArgentina | M10: =IF(H10>I10,1,0) -> 1 | N10: =IF(I10>H10,1,0) -> 0 | O10: =IF(I10=H10,1,0) -> 0
A11: 6490 | B11: Uruguay | C11: Brazil | D11: 4 - 0 | E11: Montevideo, URU | F11: Copa América | G11: Uruguay vs Brazil | H11: 4 | I11: 0 | J11: 2 | K11: =CONCATENATE(B11,C11) -> UruguayBrazil | L11: =CONCATENATE(C11,B11) -> BrazilUruguay | M11: =IF(H11>I11,1,0) -> 1 | N11: =IF(I11>H11,1,0) -> 0 | O11: =IF(I11=H11,1,0) -> 0
A12: 6495 | B12: Chile | C12: Brazil | D12: 0 - 5 | E12: Montevideo, Uru | F12: Copa América | G12: Chile vs Brazil | H12: 0 | I12: 5 | J12: 2 | K12: =CONCATENATE(B12,C12) -> ChileBrazil | L12: =CONCATENATE(C12,B12) -> BrazilChile | M12: =IF(H12>I12,1,0) -> 0 | N12: =IF(I12>H12,1,0) -> 1 | O12: =IF(I12=H12,1,0) -> 0
A13: 6497 | B13: Argentina | C13: Uruguay | D13: 0 - 1 | E13: Montevideo | F13: Copa América | G13: Argentina vs Uruguay | H13: 0 | I13: 1 | J13: 2 | K13: =CONCATENATE(B13,C13) -> ArgentinaUruguay | L13: =CONCATENATE(C13,B13) -> UruguayArgentina | M13: =IF(H13>I13,1,0) -> 0 | N13: =IF(I13>H13,1,0) -> 1 | O13: =IF(I13=H13,1,0) -> 0
A14: 7071 | B14: Chile | C14: Brazil | D14: 0 - 6 | E14: Rio de Janeiro, Bra | F14: Copa América | G14: Chile vs Brazil | H14: 0 | I14: 6 | J14: 3 | K14: =CONCATENATE(B14,C14) -> ChileBrazil | L14: =CONCATENATE(C14,B14) -> BrazilChile | M14: =IF(H14>I14,1,0) -> 0 | N14: =IF(I14>H14,1,0) -> 1 | O14: =IF(I14=H14,1,0) -> 0
A15: 7073 | B15: Argentina | C15: Uruguay | D15: 42065 | E15: Rio de Janeiro | F15: Copa América | G15: Argentina vs Uruguay | H15: 2 | I15: 3 | J15: 3 | K15: =CONCATENATE(B15,C15) -> ArgentinaUruguay | L15: =CONCATENATE(C15,B15) -> UruguayArgentina | M15: =IF(H15>I15,1,0) -> 0 | N15: =IF(I15>H15,1,0) -> 1 | O15: =IF(I15=H15,1,0) -> 0
A16: 7077 | B16: Chile | C16: Uruguay | D16: 0 - 2 | E16: Rio de Janeiro, Bra | F16: Copa América | G16: Chile vs Uruguay | H16: 0 | I16: 2 | J16: 3 | K16: =CONCATENATE(B16,C16) -> ChileUruguay | L16: =CONCATENATE(C16,B16) -> UruguayChile | M16: =IF(H16>I16,1,0) -> 0 | N16: =IF(I16>H16,1,0) -> 1 | O16: =IF(I16=H16,1,0) -> 0
A17: 7078 | B17: Argentina | C17: Brazil | D17: 42064 | E17: Rio de Janeiro | F17: Copa América | G17: Argentina vs Brazil | H17: 1 | I17: 3 | J17: 3 | K17: =CONCATENATE(B17,C17) -> ArgentinaBrazil | L17: =CONCATENATE(C17,B17) -> BrazilArgentina | M17: =IF(H17>I17,1,0) -> 0 | N17: =IF(I17>H17,1,0) -> 1 | O17: =IF(I17=H17,1,0) -> 0
A18: 7082 | B18: Argentina | C18: Chile | D18: 42008 | E18: Rio de Janeiro | F18: Copa América | G18: Argentina vs Chile | H18: 4 | I18: 1 | J18: 3 | K18: =CONCATENATE(B18,C18) -> ArgentinaChile | L18: =CONCATENATE(C18,B18) -> ChileArgentina | M18: =IF(H18>I18,1,0) -> 1 | N18: =IF(I18>H18,1,0) -> 0 | O18: =IF(I18=H18,1,0) -> 0
A19: 7085 | B19: Uruguay | C19: Brazil | D19: 42037 | E19: Río de Janeiro, BRA | F19: Copa América | G19: Uruguay vs Brazil | H19: 2 | I19: 2 | J19: 3 | K19: =CONCATENATE(B19,C19) -> UruguayBrazil | L19: =CONCATENATE(C19,B19) -> BrazilUruguay | M19: =IF(H19>I19,1,0) -> 0 | N19: =IF(I19>H19,1,0) -> 0 | O19: =IF(I19=H19,1,0) -> 1
A20: 7089 | B20: Uruguay | C20: Brazil | D20: 0 - 1 | E20: Río de Janeiro, BRA | F20: Copa América | G20: Uruguay vs Brazil | H20: 0 | I20: 1 | J20: 3 | K20: =CONCATENATE(B20,C20) -> UruguayBrazil | L20: =CONCATENATE(C20,B20) -> BrazilUruguay | M20: =IF(H20>I20,1,0) -> 0 | N20: =IF(I20>H20,1,0) -> 1 | O20: =IF(I20=H20,1,0) -> 0
A21: 7560 | B21: Chile | C21: Brazil | D21: 0 - 1 | E21: Viña del Mar | F21: Copa América | G21: Chile vs Brazil | H21: 0 | I21: 1 | J21: 4 | K21: =CONCATENATE(B21,C21) -> ChileBrazil | L21: =CONCATENATE(C21,B21) -> BrazilChile | M21: =IF(H21>I21,1,0) -> 0 | N21: =IF(I21>H21,1,0) -> 1 | O21: =IF(I21=H21,1,0) -> 0
A22: 7561 | B22: Argentina | C22: Uruguay | D22: 42005 | E22: Viña del Mar | F22: Copa América | G22: Argentina vs Uruguay | H22: 1 | I22: 1 | J22: 4 | K22: =CONCATENATE(B22,C22) -> ArgentinaUruguay | L22: =CONCATENATE(C22,B22) -> UruguayArgentina | M22: =IF(H22>I22,1,0) -> 0 | N22: =IF(I22>H22,1,0) -> 0 | O22: =IF(I22=H22,1,0) -> 1
A23: 7567 | B23: Uruguay | C23: Brazil | D23: 6 - 0 | E23: Valparaíso, CHI | F23: Copa América | G23: Uruguay vs Brazil | H23: 6 | I23: 0 | J23: 4 | K23: =CONCATENATE(B23,C23) -> UruguayBrazil | L23: =CONCATENATE(C23,B23) -> BrazilUruguay | M23: =IF(H23>I23,1,0) -> 1 | N23: =IF(I23>H23,1,0) -> 0 | O23: =IF(I23=H23,1,0) -> 0
A24: 7569 | B24: Argentina | C24: Chile | D24: 42005 | E24: Viña del Mar | F24: Copa América | G24: Argentina vs Chile | H24: 1 | I24: 1 | J24: 4 | K24: =CONCATENATE(B24,C24) -> ArgentinaChile | L24: =CONCATENATE(C24,B24) -> ChileArgentina | M24: =IF(H24>I24,1,0) -> 0 | N24: =IF(I24>H24,1,0) -> 0 | O24: =IF(I24=H24,1,0) -> 1
A25: 7574 | B25: Argentina | C25: Brazil | D25: 2 - 0 | E25: Viña del Mar | F25: Copa América | G25: Argentina vs Brazil | H25: 2 | I25: 0 | J25: 4 | K25: =CONCATENATE(B25,C25) -> ArgentinaBrazil | L25: =CONCATENATE(C25,B25) -> BrazilArgentina | M25: =IF(H25>I25,1,0) -> 1 | N25: =IF(I25>H25,1,0) -> 0 | O25: =IF(I25=H25,1,0) -> 0
A26: 7575 | B26: Chile | C26: Uruguay | D26: 42036 | E26: Viña del Mar | F26: Copa América | G26: Chile vs Uruguay | H26: 1 | I26: 2 | J26: 4 | K26: =CONCATENATE(B26,C26) -> ChileUruguay | L26: =CONCATENATE(C26,B26) -> UruguayChile | M26: =IF(H26>I26,1,0) -> 0 | N26: =IF(I26>H26,1,0) -> 1 | O26: =IF(I26=H26,1,0) -> 0
A27: 7946 | B27: Argentina | C27: Brazil | D27: 1 - 0 | E27: Buenos Aires | F27: Copa América | G27: Argentina vs Brazil | H27: 1 | I27: 0 | J27: 5 | K27: =CONCATENATE(B27,C27) -> ArgentinaBrazil | L27: =CONCATENATE(C27,B27) -> BrazilArgentina | M27: =IF(H27>I27,1,0) -> 1 | N27: =IF(I27>H27,1,0) -> 0 | O27: =IF(I27=H27,1,0) -> 0
A28: 7953 | B28: Paraguay | C28: Uruguay | D28: 42006 | E28: Buenos Aires, Arg | F28: Copa América | G28: Paraguay vs Uruguay | H28: 2 | I28: 1 | J28: 5 | K28: =CONCATENATE(B28,C28) -> ParaguayUruguay | L28: =CONCATENATE(C28,B28) -> UruguayParaguay | M28: =IF(H28>I28,1,0) -> 1 | N28: =IF(I28>H28,1,0) -> 0 | O28: =IF(I28=H28,1,0) -> 0
A29: 7956 | B29: Paraguay | C29: Brazil | D29: 0 - 3 | E29: Buenos Aires, Arg | F29: Copa América | G29: Paraguay vs Brazil | H29: 0 | I29: 3 | J29: 5 | K29: =CONCATENATE(B29,C29) -> ParaguayBrazil | L29: =CONCATENATE(C29,B29) -> BrazilParaguay | M29: =IF(H29>I29,1,0) -> 0 | N29: =IF(I29>H29,1,0) -> 1 | O29: =IF(I29=H29,1,0) -> 0
A30: 7960 | B30: Argentina | C30: Paraguay | D30: 3 - 0 | E30: Buenos Aires | F30: Copa América | G30: Argentina vs Paraguay | H30: 3 | I30: 0 | J30: 5 | K30: =CONCATENATE(B30,C30) -> ArgentinaParaguay | L30: =CONCATENATE(C30,B30) -> ParaguayArgentina | M30: =IF(H30>I30,1,0) -> 1 | N30: =IF(I30>H30,1,0) -> 0 | O30: =IF(I30=H30,1,0) -> 0
A31: 7967 | B31: Uruguay | C31: Brazil | D31: 42006 | E31: Buenos Aires, ARG | F31: Copa América | G31: Uruguay vs Brazil | H31: 2 | I31: 1 | J31: 5 | K31: =CONCATENATE(B31,C31) -> UruguayBrazil | L31: =CONCATENATE(C31,B31) -> BrazilUruguay | M31: =IF(H31>I31,1,0) -> 1 | N31: =IF(I31>H31,1,0) -> 0 | O31: =IF(I31=H31,1,0) -> 0
A32: 7974 | B32: Argentina | C32: Uruguay | D32: 1 - 0 | E32: Buenos Aires | F32: Copa América | G32: Argentina vs Uruguay | H32: 1 | I32: 0 | J32: 5 | K32: =CONCATENATE(B32,C32) -> ArgentinaUruguay | L32: =CONCATENATE(C32,B32) -> UruguayArgentina | M32: =IF(H32>I32,1,0) -> 1 | N32: =IF(I32>H32,1,0) -> 0 | O32: =IF(I32=H32,1,0) -> 0
A33: 8296 | B33: Chile | C33: Brazil | D33: 42005 | E33: Rio de Janeiro, Bra | F33: Copa América | G33: Chile vs Brazil | H33: 1 | I33: 1 | J33: 6 | K33: =CONCATENATE(B33,C33) -> ChileBrazil | L33: =CONCATENATE(C33,B33) -> BrazilChile | M33: =IF(H33>I33,1,0) -> 0 | N33: =IF(I33>H33,1,0) -> 0 | O33: =IF(I33=H33,1,0) -> 1
A34: 8302 | B34: Chile | C34: Uruguay | D34: 0 - 2 | E34: Rio de Janeiro, Bra | F34: Copa América | G34: Chile vs Uruguay | H34: 0 | I34: 2 | J34: 6 | K34: =CONCATENATE(B34,C34) -> ChileUruguay | L34: =CONCATENATE(C34,B34) -> UruguayChile | M34: =IF(H34>I34,1,0) -> 0 | N34: =IF(I34>H34,1,0) -> 1 | O34: =IF(I34=H34,1,0) -> 0
A35: 8303 | B35: Paraguay | C35: Brazil | D35: 42005 | E35: Rio de Janeiro, Bra | F35: Copa América | G35: Paraguay vs Brazil | H35: 1 | I35: 1 | J35: 6 | K35: =CONCATENATE(B35,C35) -> ParaguayBrazil | L35: =CONCATENATE(C35,B35) -> BrazilParaguay | M35: =IF(H35>I35,1,0) -> 0 | N35: =IF(I35>H35,1,0) -> 0 | O35: =IF(I35=H35,1,0) -> 1
A36: 8307 | B36: Argentina | C36: Chile | D36: 4 - 0 | E36: Rio de Janeiro | F36: Copa América | G36: Argentina vs Chile | H36: 4 | I36: 0 | J36: 6 | K36: =CONCATENATE(B36,C36) -> ArgentinaChile | L36: =CONCATENATE(C36,B36) -> ChileArgentina | M36: =IF(H36>I36,1,0) -> 1 | N36: =IF(I36>H36,1,0) -> 0 | O36: =IF(I36=H36,1,0) -> 0
A37: 8310 | B37: Uruguay | C37: Brazil | D37: 0 - 0 | E37: Río de Janeiro, BRA | F37: Copa América | G37: Uruguay vs Brazil | H37: 0 | I37: 0 | J37: 6 | K37: =CONCATENATE(B37,C37) -> UruguayBrazil | L37: =CONCATENATE(C37,B37) -> BrazilUruguay | M37: =IF(H37>I37,1,0) -> 0 | N37: =IF(I37>H37,1,0) -> 0 | O37: =IF(I37=H37,1,0) -> 1
A38: 8314 | B38: Chile | C38: Paraguay | D38: 0 - 3 | E38: Rio de Janeiro, Bra | F38: Copa América | G38: Chile vs Paraguay | H38: 0 | I38: 3 | J38: 6 | K38: =CONCATENATE(B38,C38) -> ChileParaguay | L38: =CONCATENATE(C38,B38) -> ParaguayChile | M38: =IF(H38>I38,1,0) -> 0 | N38: =IF(I38>H38,1,0) -> 1 | O38: =IF(I38=H38,1,0) -> 0
A39: 8317 | B39: Argentina | C39: Uruguay | D39: 0 - 1 | E39: Rio de Janeiro | F39: Copa América | G39: Argentina vs Uruguay | H39: 0 | I39: 1 | J39: 6 | K39: =CONCATENATE(B39,C39) -> ArgentinaUruguay | L39: =CONCATENATE(C39,B39) -> UruguayArgentina | M39: =IF(H39>I39,1,0) -> 0 | N39: =IF(I39>H39,1,0) -> 1 | O39: =IF(I39=H39,1,0) -> 0
A40: 8321 | B40: Paraguay | C40: Uruguay | D40: 1 - 0 | E40: Rio de Janeiro, Bra | F40: Copa América | G40: Paraguay vs Uruguay | H40: 1 | I40: 0 | J40: 6 | K40: =CONCATENATE(B40,C40) -> ParaguayUruguay | L40: =CONCATENATE(C40,B40) -> UruguayParaguay | M40: =IF(H40>I40,1,0) -> 1 | N40: =IF(I40>H40,1,0) -> 0 | O40: =IF(I40=H40,1,0) -> 0
A41: 8324 | B41: Argentina | C41: Brazil | D41: 0 - 2 | E41: Rio de Janeiro | F41: Copa América | G41: Argentina vs Brazil | H41: 0 | I41: 2 | J41: 6 | K41: =CONCATENATE(B41,C41) -> ArgentinaBrazil | L41: =CONCATENATE(C41,B41) -> BrazilArgentina | M41: =IF(H41>I41,1,0) -> 0 | N41: =IF(I41>H41,1,0) -> 1 | O41: =IF(I41=H41,1,0) -> 0
A42: 8327 | B42: Argentina | C42: Paraguay | D42: 2 - 0 | E42: Rio de Janeiro | F42: Copa América | G42: Argentina vs Paraguay | H42: 2 | I42: 0 | J42: 6 | K42: =CONCATENATE(B42,C42) -> ArgentinaParaguay | L42: =CONCATENATE(C42,B42) -> ParaguayArgentina | M42: =IF(H42>I42,1,0) -> 1 | N42: =IF(I42>H42,1,0) -> 0 | O42: =IF(I42=H42,1,0) -> 0
A43: 8331 | B43: Paraguay | C43: Brazil | D43: 0 - 3 | E43: Rio de Janeiro, Bra | F43: Copa América | G43: Paraguay vs Brazil | H43: 0 | I43: 3 | J43: 6 | K43: =CONCATENATE(B43,C43) -> ParaguayBrazil | L43: =CONCATENATE(C43,B43) -> BrazilParaguay | M43: =IF(H43>I43,1,0) -> 0 | N43: =IF(I43>H43,1,0) -> 1 | O43: =IF(I43=H43,1,0) -> 0
A44: 8702 | B44: Argentina | C44: Paraguay | D44: 42067 | E44: Montevideo | F44: Copa América | G44: Argentina vs Paraguay | H44: 4 | I44: 3 | J44: 7 | K44: =CONCATENATE(B44,C44) -> ArgentinaParaguay | L44: =CONCATENATE(C44,B44) -> ParaguayArgentina | M44: =IF(H44>I44,1,0) -> 1 | N44: =IF(I44>H44,1,0) -> 0 | O44: =IF(I44=H44,1,0) -> 0
A45: 8709 | B45: Paraguay | C45: Uruguay | D45: 0 - 2 | E45: Montevideo, Uru | F45: Copa América | G45: Paraguay vs Uruguay | H45: 0 | I45: 2 | J45: 7 | K45: =CONCATENATE(B45,C45) -> ParaguayUruguay | L45: =CONCATENATE(C45,B45) -> UruguayParaguay | M45: =IF(H45>I45,1,0) -> 0 | N45: =IF(I45>H45,1,0) -> 1 | O45: =IF(I45=H45,1,0) -> 0
A46: 8716 | B46: Paraguay | C46: Brazil | D46: 1 - 0 | E46: Montevideo, Uru | F46: Copa América | G46: Paraguay vs Brazil | H46: 1 | I46: 0 | J46: 7 | K46: =CONCATENATE(B46,C46) -> ParaguayBrazil | L46: =CONCATENATE(C46,B46) -> BrazilParaguay | M46: =IF(H46>I46,1,0) -> 1 | N46: =IF(I46>H46,1,0) -> 0 | O46: =IF(I46=H46,1,0) -> 0
A47: 8723 | B47: Argentina | C47: Brazil | D47: 42006 | E47: Montevideo | F47: Copa América | G47: Argentina vs Brazil | H47: 2 | I47: 1 | J47: 7 | K47: =CONCATENATE(B47,C47) -> ArgentinaBrazil | L47: =CONCATENATE(C47,B47) -> BrazilArgentina | M47: =IF(H47>I47,1,0) -> 1 | N47: =IF(I47>H47,1,0) -> 0 | O47: =IF(I47=H47,1,0) -> 0
A48: 8730 | B48: Uruguay | C48: Brazil | D48: 42006 | E48: Montevideo, URU | F48: Copa América | G48: Uruguay vs Brazil | H48: 2 | I48: 1 | J48: 7 | K48: =CONCATENATE(B48,C48) -> UruguayBrazil | L48: =CONCATENATE(C48,B48) -> BrazilUruguay | M48: =IF(H48>I48,1,0) -> 1 | N48: =IF(I48>H48,1,0) -> 0 | O48: =IF(I48=H48,1,0) -> 0
A49: 02dec1923 | B49: Argentina | C49: Uruguay | D49: 0 - 2 | E49: Montevideo | F49: Copa América | G49: Argentina vs Uruguay | H49: 0 | I49: 2 | J49: 7 | K49: =CONCATENATE(B49,C49) -> ArgentinaUruguay | L49: =CONCATENATE(C49,B49) -> UruguayArgentina | M49: =IF(H49>I49,1,0) -> 0 | N49: =IF(I49>H49,1,0) -> 1 | O49: =IF(I49=H49,1,0) -> 0
A50: 9052 | B50: Argentina | C50: Paraguay | D50: 0 - 0 | E50: Montevideo | F50: Copa América | G50: Argentina vs Paraguay | H50: 0 | I50: 0 | J50: 8 | K50: =CONCATENATE(B50,C50) -> ArgentinaParaguay | L50: =CONCATENATE(C50,B50) -> ParaguayArgentina | M50: =IF(H50>I50,1,0) -> 0 | N50: =IF(I50>H50,1,0) -> 0 | O50: =IF(I50=H50,1,0) -> 1
A51: 9059 | B51: Chile | C51: Uruguay | D51: 0 - 5 | E51: Montevideo, Uru | F51: Copa América | G51: Chile vs Uruguay | H51: 0 | I51: 5 | J51: 8 | K51: =CONCATENATE(B51,C51) -> ChileUruguay | L51: =CONCATENATE(C51,B51) -> UruguayChile | M51: =IF(H51>I51,1,0) -> 0 | N51: =IF(I51>H51,1,0) -> 1 | O51: =IF(I51=H51,1,0) -> 0
A52: 9065 | B52: Argentina | C52: Chile | D52: 2 - 0 | E52: Montevideo | F52: Copa América | G52: Argentina vs Chile | H52: 2 | I52: 0 | J52: 8 | K52: =CONCATENATE(B52,C52) -> ArgentinaChile | L52: =CONCATENATE(C52,B52) -> ChileArgentina | M52: =IF(H52>I52,1,0) -> 1 | N52: =IF(I52>H52,1,0) -> 0 | O52: =IF(I52=H52,1,0) -> 0
A53: 9066 | B53: Paraguay | C53: Uruguay | D53: 42064 | E53: Montevideo, Uru | F53: Copa América | G53: Paraguay vs Uruguay | H53: 1 | I53: 3 | J53: 8 | K53: =CONCATENATE(B53,C53) -> ParaguayUruguay | L53: =CONCATENATE(C53,B53) -> UruguayParaguay | M53: =IF(H53>I53,1,0) -> 0 | N53: =IF(I53>H53,1,0) -> 1 | O53: =IF(I53=H53,1,0) -> 0
A54: 9072 | B54: Chile | C54: Paraguay | D54: 42064 | E54: Montevideo, Uru | F54: Copa América | G54: Chile vs Paraguay | H54: 1 | I54: 3 | J54: 8 | K54: =CONCATENATE(B54,C54) -> ChileParaguay | L54: =CONCATENATE(C54,B54) -> ParaguayChile | M54: =IF(H54>I54,1,0) -> 0 | N54: =IF(I54>H54,1,0) -> 1 | O54: =IF(I54=H54,1,0) -> 0
A55: 9073 | B55: Argentina | C55: Uruguay | D55: 0 - 0 | E55: Montevideo | F55: Copa América | G55: Argentina vs Uruguay | H55: 0 | I55: 0 | J55: 8 | K55: =CONCATENATE(B55,C55) -> ArgentinaUruguay | L55: =CONCATENATE(C55,B55) -> UruguayArgentina | M55: =IF(H55>I55,1,0) -> 0 | N55: =IF(I55>H55,1,0) -> 0 | O55: =IF(I55=H55,1,0) -> 1
A56: 9465 | B56: Argentina | C56: Paraguay | D56: 2 - 0 | E56: Buenos Aires | F56: Copa América | G56: Argentina vs Paraguay | H56: 2 | I56: 0 | J56: 9 | K56: =CONCATENATE(B56,C56) -> ArgentinaParaguay | L56: =CONCATENATE(C56,B56) -> ParaguayArgentina | M56: =IF(H56>I56,1,0) -> 1 | N56: =IF(I56>H56,1,0) -> 0 | O56: =IF(I56=H56,1,0) -> 0
A57: 06dec1925 | B57: Paraguay | C57: Brazil | D57: 42126 | E57: Buenos Aires, Arg | F57: Copa América | G57: Paraguay vs Brazil | H57: 2 | I57: 5 | J57: 9 | K57: =CONCATENATE(B57,C57) -> ParaguayBrazil | L57: =CONCATENATE(C57,B57) -> BrazilParaguay | M57: =IF(H57>I57,1,0) -> 0 | N57: =IF(I57>H57,1,0) -> 1 | O57: =IF(I57=H57,1,0) -> 0
A58: 13dec1925 | B58: Argentina | C58: Brazil | D58: 42008 | E58: Buenos Aires | F58: Copa América | G58: Argentina vs Brazil | H58: 4 | I58: 1 | J58: 9 | K58: =CONCATENATE(B58,C58) -> ArgentinaBrazil | L58: =CONCATENATE(C58,B58) -> BrazilArgentina | M58: =IF(H58>I58,1,0) -> 1 | N58: =IF(I58>H58,1,0) -> 0 | O58: =IF(I58=H58,1,0) -> 0
A59: 17dec1925 | B59: Paraguay | C59: Brazil | D59: 42064 | E59: Buenos Aires, Arg | F59: Copa América | G59: Paraguay vs Brazil | H59: 1 | I59: 3 | J59: 9 | K59: =CONCATENATE(B59,C59) -> ParaguayBrazil | L59: =CONCATENATE(C59,B59) -> BrazilParaguay | M59: =IF(H59>I59,1,0) -> 0 | N59: =IF(I59>H59,1,0) -> 1 | O59: =IF(I59=H59,1,0) -> 0
A60: 20dec1925 | B60: Argentina | C60: Paraguay | D60: 42007 | E60: Buenos Aires | F60: Copa América | G60: Argentina vs Paraguay | H60: 3 | I60: 1 | J60: 9 | K60: =CONCATENATE(B60,C60) -> ArgentinaParaguay | L60: =CONCATENATE(C60,B60) -> ParaguayArgentina | M60: =IF(H60>I60,1,0) -> 1 | N60: =IF(I60>H60,1,0) -> 0 | O60: =IF(I60=H60,1,0) -> 0
A61: 25dec1925 | B61: Argentina | C61: Brazil | D61: 42037 | E61: Buenos Aires | F61: Copa América | G61: Argentina vs Brazil | H61: 2 | I61: 2 | J61: 9 | K61: =CONCATENATE(B61,C61) -> ArgentinaBrazil | L61: =CONCATENATE(C61,B61) -> BrazilArgentina | M61: =IF(H61>I61,1,0) -> 0 | N61: =IF(I61>H61,1,0) -> 0 | O61: =IF(I61=H61,1,0) -> 1
A62: 9782 | B62: Bolivia | C62: Chile | D62: 42186 | E62: Santiago, Chi | F62: Copa América | G62: Bolivia vs Chile | H62: 1 | I62: 7 | J62: 10 | K62: =CONCATENATE(B62,C62) -> BoliviaChile | L62: =CONCATENATE(C62,B62) -> ChileBolivia | M62: =IF(H62>I62,1,0) -> 0 | N62: =IF(I62>H62,1,0) -> 1 | O62: =IF(I62=H62,1,0) -> 0
A63: 9786 | B63: Argentina | C63: Bolivia | D63: 5 - 0 | E63: Santiago | F63: Copa América | G63: Argentina vs Bolivia | H63: 5 | I63: 0 | J63: 10 | K63: =CONCATENATE(B63,C63) -> ArgentinaBolivia | L63: =CONCATENATE(C63,B63) -> BoliviaArgentina | M63: =IF(H63>I63,1,0) -> 1 | N63: =IF(I63>H63,1,0) -> 0 | O63: =IF(I63=H63,1,0) -> 0
A64: 9787 | B64: Chile | C64: Uruguay | D64: 42064 | E64: Santiago | F64: Copa América | G64: Chile vs Uruguay | H64: 1 | I64: 3 | J64: 10 | K64: =CONCATENATE(B64,C64) -> ChileUruguay | L64: =CONCATENATE(C64,B64) -> UruguayChile | M64: =IF(H64>I64,1,0) -> 0 | N64: =IF(I64>H64,1,0) -> 1 | O64: =IF(I64=H64,1,0) -> 0
A65: 9790 | B65: Argentina | C65: Paraguay | D65: 8 - 0 | E65: Santiago | F65: Copa América | G65: Argentina vs Paraguay | H65: 8 | I65: 0 | J65: 10 | K65: =CONCATENATE(B65,C65) -> ArgentinaParaguay | L65: =CONCATENATE(C65,B65) -> ParaguayArgentina | M65: =IF(H65>I65,1,0) -> 1 | N65: =IF(I65>H65,1,0) -> 0 | O65: =IF(I65=H65,1,0) -> 0
A66: 9793 | B66: Bolivia | C66: Paraguay | D66: 42156 | E66: Santiago, Chi | F66: Copa América | G66: Bolivia vs Paraguay | H66: 1 | I66: 6 | J66: 10 | K66: =CONCATENATE(B66,C66) -> BoliviaParaguay | L66: =CONCATENATE(C66,B66) -> ParaguayBolivia | M66: =IF(H66>I66,1,0) -> 0 | N66: =IF(I66>H66,1,0) -> 1 | O66: =IF(I66=H66,1,0) -> 0
A67: 9794 | B67: Argentina | C67: Uruguay | D67: 0 - 2 | E67: Santiago | F67: Copa América | G67: Argentina vs Uruguay | H67: 0 | I67: 2 | J67: 10 | K67: =CONCATENATE(B67,C67) -> ArgentinaUruguay | L67: =CONCATENATE(C67,B67) -> UruguayArgentina | M67: =IF(H67>I67,1,0) -> 0 | N67: =IF(I67>H67,1,0) -> 1 | O67: =IF(I67=H67,1,0) -> 0
A68: 9798 | B68: Bolivia | C68: Uruguay | D68: 0 - 6 | E68: Santiago, Chi | F68: Copa América | G68: Bolivia vs Uruguay | H68: 0 | I68: 6 | J68: 10 | K68: =CONCATENATE(B68,C68) -> BoliviaUruguay | L68: =CONCATENATE(C68,B68) -> UruguayBolivia | M68: =IF(H68>I68,1,0) -> 0 | N68: =IF(I68>H68,1,0) -> 1 | O68: =IF(I68=H68,1,0) -> 0
A69: 9801 | B69: Argentina | C69: Chile | D69: 42005 | E69: Santiago | F69: Copa América | G69: Argentina vs Chile | H69: 1 | I69: 1 | J69: 10 | K69: =CONCATENATE(B69,C69) -> ArgentinaChile | L69: =CONCATENATE(C69,B69) -> ChileArgentina | M69: =IF(H69>I69,1,0) -> 0 | N69: =IF(I69>H69,1,0) -> 0 | O69: =IF(I69=H69,1,0) -> 1
A70: 9802 | B70: Paraguay | C70: Uruguay | D70: 42156 | E70: Santiago, Chi | F70: Copa América | G70: Paraguay vs Uruguay | H70: 1 | I70: 6 | J70: 10 | K70: =CONCATENATE(B70,C70) -> ParaguayUruguay | L70: =CONCATENATE(C70,B70) -> UruguayParaguay | M70: =IF(H70>I70,1,0) -> 0 | N70: =IF(I70>H70,1,0) -> 1 | O70: =IF(I70=H70,1,0) -> 0
A71: 9804 | B71: Chile | C71: Paraguay | D71: 42009 | E71: Santiago | F71: Copa América | G71: Chile vs Paraguay | H71: 5 | I71: 1 | J71: 10 | K71: =CONCATENATE(B71,C71) -> ChileParaguay | L71: =CONCATENATE(C71,B71) -> ParaguayChile | M71: =IF(H71>I71,1,0) -> 1 | N71: =IF(I71>H71,1,0) -> 0 | O71: =IF(I71=H71,1,0) -> 0
A72: 10165 | B72: Argentina | C72: Bolivia | D72: 42011 | E72: Lima | F72: Copa América | G72: Argentina vs Bolivia | H72: 7 | I72: 1 | J72: 11 | K72: =CONCATENATE(B72,C72) -> ArgentinaBolivia | L72: =CONCATENATE(C72,B72) -> BoliviaArgentina | M72: =IF(H72>I72,1,0) -> 1 | N72: =IF(I72>H72,1,0) -> 0 | O72: =IF(I72=H72,1,0) -> 0
A73: 10167 | B73: Peru | C73: Uruguay | D73: 0 - 4 | E73: Lima | F73: Copa América | G73: Peru vs Uruguay | H73: 0 | I73: 4 | J73: 11 | K73: =CONCATENATE(B73,C73) -> PeruUruguay | L73: =CONCATENATE(C73,B73) -> UruguayPeru | M73: =IF(H73>I73,1,0) -> 0 | N73: =IF(I73>H73,1,0) -> 1 | O73: =IF(I73=H73,1,0) -> 0
A74: 10172 | B74: Bolivia | C74: Uruguay | D74: 0 - 9 | E74: Lima, Per | F74: Copa América | G74: Bolivia vs Uruguay | H74: 0 | I74: 9 | J74: 11 | K74: =CONCATENATE(B74,C74) -> BoliviaUruguay | L74: =CONCATENATE(C74,B74) -> UruguayBolivia | M74: =IF(H74>I74,1,0) -> 0 | N74: =IF(I74>H74,1,0) -> 1 | O74: =IF(I74=H74,1,0) -> 0
A75: 10175 | B75: Bolivia | C75: Uruguay | D75: 0 - 9 | E75: Lima, PER | F75: Copa América | G75: Bolivia vs Uruguay | H75: 0 | I75: 9 | J75: 11 | K75: =CONCATENATE(B75,C75) -> BoliviaUruguay | L75: =CONCATENATE(C75,B75) -> UruguayBolivia | M75: =IF(H75>I75,1,0) -> 0 | N75: =IF(I75>H75,1,0) -> 1 | O75: =IF(I75=H75,1,0) -> 0
A76: 10179 | B76: Bolivia | C76: Peru | D76: 42065 | E76: Lima, Per | F76: Copa América | G76: Bolivia vs Peru | H76: 2 | I76: 3 | J76: 11 | K76: =CONCATENATE(B76,C76) -> BoliviaPeru | L76: =CONCATENATE(C76,B76) -> PeruBolivia | M76: =IF(H76>I76,1,0) -> 0 | N76: =IF(I76>H76,1,0) -> 1 | O76: =IF(I76=H76,1,0) -> 0
A77: 10186 | B77: Argentina | C77: Uruguay | D77: 42038 | E77: Lima | F77: Copa América | G77: Argentina vs Uruguay | H77: 3 | I77: 2 | J77: 11 | K77: =CONCATENATE(B77,C77) -> ArgentinaUruguay | L77: =CONCATENATE(C77,B77) -> UruguayArgentina | M77: =IF(H77>I77,1,0) -> 1 | N77: =IF(I77>H77,1,0) -> 0 | O77: =IF(I77=H77,1,0) -> 0
A78: 10193 | B78: Argentina | C78: Peru | D78: 42009 | E78: Lima | F78: Copa América | G78: Argentina vs Peru | H78: 5 | I78: 1 | J78: 11 | K78: =CONCATENATE(B78,C78) -> ArgentinaPeru | L78: =CONCATENATE(C78,B78) -> PeruArgentina | M78: =IF(H78>I78,1,0) -> 1 | N78: =IF(I78>H78,1,0) -> 0 | O78: =IF(I78=H78,1,0) -> 0
A79: 10898 | B79: Paraguay | C79: Uruguay | D79: 3 - 0 | E79: Buenos Aires, Arg | F79: Copa América | G79: Paraguay vs Uruguay | H79: 3 | I79: 0 | J79: 12 | K79: =CONCATENATE(B79,C79) -> ParaguayUruguay | L79: =CONCATENATE(C79,B79) -> UruguayParaguay | M79: =IF(H79>I79,1,0) -> 1 | N79: =IF(I79>H79,1,0) -> 0 | O79: =IF(I79=H79,1,0) -> 0
A80: 10900 | B80: Argentina | C80: Peru | D80: 3 - 0 | E80: Buenos Aires | F80: Copa América | G80: Argentina vs Peru | H80: 3 | I80: 0 | J80: 12 | K80: =CONCATENATE(B80,C80) -> ArgentinaPeru | L80: =CONCATENATE(C80,B80) -> PeruArgentina | M80: =IF(H80>I80,1,0) -> 1 | N80: =IF(I80>H80,1,0) -> 0 | O80: =IF(I80=H80,1,0) -> 0
A81: 10907 | B81: Argentina | C81: Paraguay | D81: 42008 | E81: Buenos Aires | F81: Copa América | G81: Argentina vs Paraguay | H81: 4 | I81: 1 | J81: 12 | K81: =CONCATENATE(B81,C81) -> ArgentinaParaguay | L81: =CONCATENATE(C81,B81) -> ParaguayArgentina | M81: =IF(H81>I81,1,0) -> 1 | N81: =IF(I81>H81,1,0) -> 0 | O81: =IF(I81=H81,1,0) -> 0
A82: 10908 | B82: Peru | C82: Uruguay | D82: 42095 | E82: BuenosAires | F82: Copa América | G82: Peru vs Uruguay | H82: 1 | I82: 4 | J82: 12 | K82: =CONCATENATE(B82,C82) -> PeruUruguay | L82: =CONCATENATE(C82,B82) -> UruguayPeru | M82: =IF(H82>I82,1,0) -> 0 | N82: =IF(I82>H82,1,0) -> 1 | O82: =IF(I82=H82,1,0) -> 0
A83: 10913 | B83: Paraguay | C83: Peru | D83: 5 - 0 | E83: Buenos Aires, Arg | F83: Copa América | G83: Paraguay vs Peru | H83: 5 | I83: 0 | J83: 12 | K83: =CONCATENATE(B83,C83) -> ParaguayPeru | L83: =CONCATENATE(C83,B83) -> PeruParaguay | M83: =IF(H83>I83,1,0) -> 1 | N83: =IF(I83>H83,1,0) -> 0 | O83: =IF(I83=H83,1,0) -> 0
A84: 10914 | B84: Argentina | C84: Uruguay | D84: 2 - 0 | E84: Buenos Aires | F84: Copa América | G84: Argentina vs Uruguay | H84: 2 | I84: 0 | J84: 12 | K84: =CONCATENATE(B84,C84) -> ArgentinaUruguay | L84: =CONCATENATE(C84,B84) -> UruguayArgentina | M84: =IF(H84>I84,1,0) -> 1 | N84: =IF(I84>H84,1,0) -> 0 | O84: =IF(I84=H84,1,0) -> 0
A85: 06jan1935 | B85: Argentina | C85: Chile | D85: 42008 | E85: Lima | F85: Copa América | G85: Argentina vs Chile | H85: 4 | I85: 1 | J85: 13 | K85: =CONCATENATE(B85,C85) -> ArgentinaChile | L85: =CONCATENATE(C85,B85) -> ChileArgentina | M85: =IF(H85>I85,1,0) -> 1 | N85: =IF(I85>H85,1,0) -> 0 | O85: =IF(I85=H85,1,0) -> 0
A86: 13jan1935 | B86: Peru | C86: Uruguay | D86: 0 - 1 | E86: Lima | F86: Copa América | G86: Peru vs Uruguay | H86: 0 | I86: 1 | J86: 13 | K86: =CONCATENATE(B86,C86) -> PeruUruguay | L86: =CONCATENATE(C86,B86) -> UruguayPeru | M86: =IF(H86>I86,1,0) -> 0 | N86: =IF(I86>H86,1,0) -> 1 | O86: =IF(I86=H86,1,0) -> 0
A87: 18jan1935 | B87: Chile | C87: Uruguay | D87: 42036 | E87: Lima, Per | F87: Copa América | G87: Chile vs Uruguay | H87: 1 | I87: 2 | J87: 13 | K87: =CONCATENATE(B87,C87) -> ChileUruguay | L87: =CONCATENATE(C87,B87) -> UruguayChile | M87: =IF(H87>I87,1,0) -> 0 | N87: =IF(I87>H87,1,0) -> 1 | O87: =IF(I87=H87,1,0) -> 0
A88: 20jan1935 | B88: Argentina | C88: Peru | D88: 42008 | E88: Lima | F88: Copa América | G88: Argentina vs Peru | H88: 4 | I88: 1 | J88: 13 | K88: =CONCATENATE(B88,C88) -> ArgentinaPeru | L88: =CONCATENATE(C88,B88) -> PeruArgentina | M88: =IF(H88>I88,1,0) -> 1 | N88: =IF(I88>H88,1,0) -> 0 | O88: =IF(I88=H88,1,0) -> 0
A89: 26jan1935 | B89: Chile | C89: Peru | D89: 0 - 1 | E89: Lima, Per | F89: Copa América | G89: Chile vs Peru | H89: 0 | I89: 1 | J89: 13 | K89: =CONCATENATE(B89,C89) -> ChilePeru | L89: =CONCATENATE(C89,B89) -> PeruChile | M89: =IF(H89>I89,1,0) -> 0 | N89: =IF(I89>H89,1,0) -> 1 | O89: =IF(I89=H89,1,0) -> 0
A90: 27jan1935 | B90: Argentina | C90: Uruguay | D90: 0 - 3 | E90: Lima | F90: Copa América | G90: Argentina vs Uruguay | H90: 0 | I90: 3 | J90: 13 | K90: =CONCATENATE(B90,C90) -> ArgentinaUruguay | L90: =CONCATENATE(C90,B90) -> UruguayArgentina | M90: =IF(H90>I90,1,0) -> 0 | N90: =IF(I90>H90,1,0) -> 1 | O90: =IF(I90=H90,1,0) -> 0
A91: 27dec1936 | B91: Peru | C91: Brazil | D91: 42065 | E91: BuenosAires | F91: Copa América | G91: Peru vs Brazil | H91: 2 | I91: 3 | J91: 14 | K91: =CONCATENATE(B91,C91) -> PeruBrazil | L91: =CONCATENATE(C91,B91) -> BrazilPeru | M91: =IF(H91>I91,1,0) -> 0 | N91: =IF(I91>H91,1,0) -> 1 | O91: =IF(I91=H91,1,0) -> 0
A92: 30dec1936 | B92: Argentina | C92: Chile | D92: 42006 | E92: Buenos Aires | F92: Copa América | G92: Argentina vs Chile | H92: 2 | I92: 1 | J92: 14 | K92: =CONCATENATE(B92,C92) -> ArgentinaChile | L92: =CONCATENATE(C92,B92) -> ChileArgentina | M92: =IF(H92>I92,1,0) -> 1 | N92: =IF(I92>H92,1,0) -> 0 | O92: =IF(I92=H92,1,0) -> 0
A93: 02jan1937 | B93: Paraguay | C93: Uruguay | D93: 42039 | E93: Buenos Aires, Arg | F93: Copa América | G93: Paraguay vs Uruguay | H93: 4 | I93: 2 | J93: 14 | K93: =CONCATENATE(B93,C93) -> ParaguayUruguay | L93: =CONCATENATE(C93,B93) -> UruguayParaguay | M93: =IF(H93>I93,1,0) -> 1 | N93: =IF(I93>H93,1,0) -> 0 | O93: =IF(I93=H93,1,0) -> 0
A94: 03jan1937 | B94: Chile | C94: Brazil | D94: 42159 | E94: Buenos Aires, Arg | F94: Copa América | G94: Chile vs Brazil | H94: 4 | I94: 6 | J94: 14 | K94: =CONCATENATE(B94,C94) -> ChileBrazil | L94: =CONCATENATE(C94,B94) -> BrazilChile | M94: =IF(H94>I94,1,0) -> 0 | N94: =IF(I94>H94,1,0) -> 1 | O94: =IF(I94=H94,1,0) -> 0
A95: 06jan1937 | B95: Peru | C95: Uruguay | D95: 42096 | E95: BuenosAires | F95: Copa América | G95: Peru vs Uruguay | H95: 2 | I95: 4 | J95: 14 | K95: =CONCATENATE(B95,C95) -> PeruUruguay | L95: =CONCATENATE(C95,B95) -> UruguayPeru | M95: =IF(H95>I95,1,0) -> 0 | N95: =IF(I95>H95,1,0) -> 1 | O95: =IF(I95=H95,1,0) -> 0
A96: 09jan1937 | B96: Argentina | C96: Paraguay | D96: 42010 | E96: Buenos Aires | F96: Copa América | G96: Argentina vs Paraguay | H96: 6 | I96: 1 | J96: 14 | K96: =CONCATENATE(B96,C96) -> ArgentinaParaguay | L96: =CONCATENATE(C96,B96) -> ParaguayArgentina | M96: =IF(H96>I96,1,0) -> 1 | N96: =IF(I96>H96,1,0) -> 0 | O96: =IF(I96=H96,1,0) -> 0
A97: 10jan1937 | B97: Chile | C97: Uruguay | D97: 3 - 0 | E97: Buenos Aires, Arg | F97: Copa América | G97: Chile vs Uruguay | H97: 3 | I97: 0 | J97: 14 | K97: =CONCATENATE(B97,C97) -> ChileUruguay | L97: =CONCATENATE(C97,B97) -> UruguayChile | M97: =IF(H97>I97,1,0) -> 1 | N97: =IF(I97>H97,1,0) -> 0 | O97: =IF(I97=H97,1,0) -> 0
A98: 13jan1937 | B98: Paraguay | C98: Brazil | D98: 0 - 5 | E98: Buenos Aires, Arg | F98: Copa América | G98: Paraguay vs Brazil | H98: 0 | I98: 5 | J98: 14 | K98: =CONCATENATE(B98,C98) -> ParaguayBrazil | L98: =CONCATENATE(C98,B98) -> BrazilParaguay | M98: =IF(H98>I98,1,0) -> 0 | N98: =IF(I98>H98,1,0) -> 1 | O98: =IF(I98=H98,1,0) -> 0
A99: 16jan1937 | B99: Argentina | C99: Peru | D99: 1 - 0 | E99: Buenos Aires | F99: Copa América | G99: Argentina vs Peru | H99: 1 | I99: 0 | J99: 14 | K99: =CONCATENATE(B99,C99) -> ArgentinaPeru | L99: =CONCATENATE(C99,B99) -> PeruArgentina | M99: =IF(H99>I99,1,0) -> 1 | N99: =IF(I99>H99,1,0) -> 0 | O99: =IF(I99=H99,1,0) -> 0
A100: 17jan1937 | B100: Chile | C100: Paraguay | D100: 42065 | E100: Buenos Aires, Arg | F100: Copa América | G100: Chile vs Paraguay | H100: 2 | I100: 3 | J100: 14 | K100: =CONCATENATE(B100,C100) -> ChileParaguay | L100: =CONCATENATE(C100,B100) -> ParaguayChile | M100: =IF(H100>I100,1,0) -> 0 | N100: =IF(I100>H100,1,0) -> 1 | O100: =IF(I100=H100,1,0) -> 0
...

Sheet Hoja2

Sheet Paises
A1: Etiquetas de fila | B1: Etiquetas de fila
A2: Argentina | B2: Bolivia | D2: Argentina
A3: Bolivia | B3: Brazil | D3: Bolivia
A4: Brazil | B4: Chile | D4: Brazil
A5: Chile | B5: Colombia | D5: Chile
A6: Colombia | B6: Costa Rica | D6: Colombia
A7: Costa Rica | B7: Ecuador | D7: Costa Rica
A8: Ecuador | B8: Honduras | D8: Ecuador
A9: Paraguay | B9: Jamaica | D9: Honduras
A10: Peru | B10: Japan | D10: Jamaica
A11: Uruguay | B11: Paraguay | D11: Japan
A12: Venezuela | B12: Peru | D12: Mexico
A13: (en blanco) | B13: United States | D13: Paraguay
... A15: Total general | B15: Venezuela | D15: United States
B16: (en blanco) | D16: Uruguay
B17: Mexico | D17: Venezuela
B18: Total general

Sheet Matriz
A1: Partidos Ganados por Equipo 1
C2: Equipo 2
C3: Argentina | D3: Bolivia | E3: Brazil | F3: Chile | G3: Colombia | H3: Costa Rica | I3: Ecuador | J3: Honduras | K3: Jamaica | L3: Japan | M3: Mexico | N3: Paraguay | O3: Peru | P3: United States | Q3: Uruguay | R3: Venezuela | S3: Total Ganados
A4: Equipo 1 | B4: Argentina | D4: =GETPIVOTDATA("Suma de GanoEquipo1",Hoja4!$A$3,"id1",CONCATENATE($B$4,D3)) -> 10 | E4: =GETPIVOTDATA("Suma de GanoEquipo1",Hoja4!$A$3,"id1",CONCATENATE($B$4,E3)) -> 15 | F4: =GETPIVOTDATA("Suma de GanoEquipo1",Hoja4!$A$3,"id1",CONCATENATE($B$4,F3)) -> 18 | G4: =GETPIVOTDATA("Suma de GanoEquipo1",Hoja4!$A$3,"id1",CONCATENATE($B$4,G3)) -> 7 | H4: =GETPIVOTDATA("Suma de GanoEquipo1",Hoja4!$A$3,"id1",CONCATENATE($B$4,H3)) -> 1 | I4: =GETPIVOTDATA("Suma de GanoEquipo1",Hoja4!$A$3,"id1",CONCATENATE($B$4,I3)) -> 10 | K4: =GETPIVOTDATA("Suma de GanoEquipo1",Hoja4!$A$3,"id1",CONCATENATE($B$4,K3)) -> 1 | M4: =GETPIVOTDATA("Suma de GanoEquipo1",Hoja4!$A$3,"id1",CONCATENATE($B$4,M3)) -> 2 | N4: =GETPIVOTDATA("Suma de GanoEquipo1",Hoja4!$A$3,"id1",CONCATENATE($B$4,N3)) -> 18 | O4: =GETPIVOTDATA("Suma de GanoEquipo1",Hoja4!$A$3,"id1",CONCATENATE($B$4,O3)) -> 12 | P4: =GETPIVOTDATA("Suma de GanoEquipo1",Hoja4!$A$3,"id1",CONCATENATE($B$4,P3)) -> 1 | Q4: =GETPIVOTDATA("Suma de GanoEquipo1",Hoja4!$A$3,"id1",CONCATENATE($B$4,Q3)) -> 14 | R4: =GETPIVOTDATA("Suma de GanoEquipo1",Hoja4!$A$3,"id1",CONCATENATE($B$4,R3)) -> 4 | S4: =SUM(C4:R4) -> 113
B5: Bolivia | E5: =GETPIVOTDATA("Suma de GanoEquipo1",Hoja4!$A$3,"id1",CONCATENATE($B$5,E3)) -> 2 | F5: =GETPIVOTDATA("Suma de GanoEquipo1",Hoja4!$A$3,"id1",CONCATENATE($B$5,F3)) -> 2 | G5: =GETPIVOTDATA("Suma de GanoEquipo1",Hoja4!$A$3,"id1",CONCATENATE($B$5,G3)) -> 3 | H5: =GETPIVOTDATA("Suma de GanoEquipo1",Hoja4!$A$3,"id1",CONCATENATE($B$5,H3)) -> 0 | I5: =GETPIVOTDATA("Suma de GanoEquipo1",Hoja4!$A$3,"id1",CONCATENATE($B$5,I3)) -> 2 | J5: =GETPIVOTDATA("Suma de GanoEquipo1",Hoja4!$A$3,"id1",CONCATENATE($B$5,J3)) -> 0 | L5: =GETPIVOTDATA("Suma de GanoEquipo1",Hoja4!$A$3,"id1",CONCATENATE($B$5,L3)) -> 0 | M5: =GETPIVOTDATA("Suma de GanoEquipo1",Hoja4!$A$3,"id1",CONCATENATE($B$5,M3)) -> 1 | N5: =GETPIVOTDATA("Suma de GanoEquipo1",Hoja4!$A$3,"id1",CONCATENATE($B$5,N3)) -> 1 | O5: =GETPIVOTDATA("Suma de GanoEquipo1",Hoja4!$A$3,"id1",CONCATENATE($B$5,O3)) -> 3 | P5: =GETPIVOTDATA("Suma de GanoEquipo1",Hoja4!$A$3,"id1",CONCATENATE($B$5,P3)) -> 1 | Q5: =GETPIVOTDATA("Suma de GanoEquipo1",Hoja4!$A$3,"id1",CONCATENATE($B$5,Q3)) -> 2 | R5: =GETPIVOTDATA("Suma de GanoEquipo1",Hoja4!$A$3,"id1",CONCATENATE($B$5,R3)) -> 1 | S5: =SUM(C5:R5) -> 18
B6: Brazil | H6: =GETPIVOTDATA("Suma de GanoEquipo1",Hoja4!$A$3,"id1",CONCATENATE($B$6,H3)) -> 2 | J6: =GETPIVOTDATA("Suma de GanoEquipo1",Hoja4!$A$3,"id1",CONCATENATE($B$6,J3)) -> 0 | M6: =GETPIVOTDATA("Suma de GanoEquipo1",Hoja4!$A$3,"id1",CONCATENATE($B$6,M3)) -> 4 | P6: =GETPIVOTDATA("Suma de GanoEquipo1",Hoja4!$A$3,"id1",CONCATENATE($B$6,P3)) -> 1 | S6: =SUM(C6:R6) -> 7
B7: Chile | E7: =GETPIVOTDATA("Suma de GanoEquipo1",Hoja4!$A$3,"id1",CONCATENATE($B$7,E3)) -> 3 | G7: =GETPIVOTDATA("Suma de GanoEquipo1",Hoja4!$A$3,"id1",CONCATENATE($B$7,G3)) -> 7 | H7: =GETPIVOTDATA("Suma de GanoEquipo1",Hoja4!$A$3,"id1",CONCATENATE($B$7,H3)) -> 0 | I7: =GETPIVOTDATA("Suma de GanoEquipo1",Hoja4!$A$3,"id1",CONCATENATE($B$7,I3)) -> 12 | M7: =GETPIVOTDATA("Suma de GanoEquipo1",Hoja4!$A$3,"id1",CONCATENATE($B$7,M3)) -> 1 | N7: =GETPIVOTDATA("Suma de GanoEquipo1",Hoja4!$A$3,"id1",CONCATENATE($B$7,N3)) -> 7 | O7: =GETPIVOTDATA("Suma de GanoEquipo1",Hoja4!$A$3,"id1",CONCATENATE($B$7,O3)) -> 7 | P7: =GETPIVOTDATA("Suma de GanoEquipo1",Hoja4!$A$3,"id1",CONCATENATE($B$7,P3)) -> 0 | Q7: =GETPIVOTDATA("Suma de GanoEquipo1",Hoja4!$A$3,"id1",CONCATENATE($B$7,Q3)) -> 6 | R7: =GETPIVOTDATA("Suma de GanoEquipo1",Hoja4!$A$3,"id1",CONCATENATE($B$7,R3)) -> 7 | S7: =SUM(C7:R7) -> 50
B8: Colombia | E8: =GETPIVOTDATA("Suma de GanoEquipo1",Hoja4!$A$3,"id1",CONCATENATE($B$8,E3)) -> 2 | H8: =GETPIVOTDATA("Suma de GanoEquipo1",Hoja4!$A$3,"id1",CONCATENATE($B$8,H3)) -> 3 | I8: =GETPIVOTDATA("Suma de GanoEquipo1",Hoja4!$A$3,"id1",CONCATENATE($B$8,I3)) -> 9 | J8: =GETPIVOTDATA("Suma de GanoEquipo1",Hoja4!$A$3,"id1",CONCATENATE($B$8,J3)) -> 1 | M8: =GETPIVOTDATA("Suma de GanoEquipo1",Hoja4!$A$3,"id1",CONCATENATE($B$8,M3)) -> 2 | N8: =GETPIVOTDATA("Suma de GanoEquipo1",Hoja4!$A$3,"id1",CONCATENATE($B$8,N3)) -> 3 | O8: =GETPIVOTDATA("Suma de GanoEquipo1",Hoja4!$A$3,"id1",CONCATENATE($B$8,O3)) -> 2 | P8: =GETPIVOTDATA("Suma de GanoEquipo1",Hoja4!$A$3,"id1",CONCATENATE($B$8,P3)) -> 2 | Q8: =GETPIVOTDATA("Suma de GanoEquipo1",Hoja4!$A$3,"id1",CONCATENATE($B$8,Q3)) -> 3 | R8: =GETPIVOTDATA("Suma de GanoEquipo1",Hoja4!$A$3,"id1",CONCATENATE($B$8,R3)) -> 4 | S8: =SUM(C8:R8) -> 31
B9: Costa Rica | J9: =GETPIVOTDATA("Suma de GanoEquipo1",Hoja4!$A$3,"id1",CONCATENATE($B$9,J3)) -> 1 | S9: =SUM(C9:R9) -> 1
B10: Ecuador | E10: =GETPIVOTDATA("Suma de GanoEquipo1",Hoja4!$A$3,"id1",CONCATENATE($B$10,E3)) -> 0 | M10: =GETPIVOTDATA("Suma de GanoEquipo1",Hoja4!$A$3,"id1",CONCATENATE($B$10,M3)) -> 0 | N10: =GETPIVOTDATA("Suma de GanoEquipo1",Hoja4!$A$3,"id1",CONCATENATE($B$10,N3)) -> 3 | O10: =GETPIVOTDATA("Suma de GanoEquipo1",Hoja4!$A$3,"id1",CONCATENATE($B$10,O3)) -> 1 | P10: =GETPIVOTDATA("Suma de GanoEquipo1",Hoja4!$A$3,"id1",CONCATENATE($B$10,P3)) -> 1 | Q10: =GETPIVOTDATA("Suma de GanoEquipo1",Hoja4!$A$3,"id1",CONCATENATE($B$10,Q3)) -> 3 | R10: =GETPIVOTDATA("Suma de GanoEquipo1",Hoja4!$A$3,"id1",CONCATENATE($B$10,R3)) -> 2 | S10: =SUM(C10:R10) -> 10
B11: Honduras | S11: =SUM(C11:R11) -> 0
B12: Jamaica | S12: =SUM(C12:R12) -> 0
B13: Japan | S13: =SUM(C13:R13) -> 0
B14: Mexico | H14: =GETPIVOTDATA("Suma de GanoEquipo1",Hoja4!$A$3,"id1",CONCATENATE($B$14,H3)) -> 0 | P14: =GETPIVOTDATA("Suma de GanoEquipo1",Hoja4!$A$3,"id1",CONCATENATE($B$14,P3)) -> 0 | S14: =SUM(C14:R14) -> 0
B15: Paraguay | E15: =GETPIVOTDATA("Suma de GanoEquipo1",Hoja4!$A$3,"id1",CONCATENATE($B$15,E3)) -> 7 | H15: =GETPIVOTDATA("Suma de GanoEquipo1",Hoja4!$A$3,"id1",CONCATENATE($B$15,H3)) -> 1 | K15: =GETPIVOTDATA("Suma de GanoEquipo1",Hoja4!$A$3,"id1",CONCATENATE($B$15,K3)) -> 1 | L15: =GETPIVOTDATA("Suma de GanoEquipo1",Hoja4!$A$3,"id1",CONCATENATE($B$15,L3)) -> 1 | M15: =GETPIVOTDATA("Suma de GanoEquipo1",Hoja4!$A$3,"id1",CONCATENATE($B$15,M3)) -> 1 | O15: =GETPIVOTDATA("Suma de GanoEquipo1",Hoja4!$A$3,"id1",CONCATENATE($B$15,O3)) -> 7 | P15: =GETPIVOTDATA("Suma de GanoEquipo1",Hoja4!$A$3,"id1",CONCATENATE($B$15,P3)) -> 1 | Q15: =GETPIVOTDATA("Suma de GanoEquipo1",Hoja4!$A$3,"id1",CONCATENATE($B$15,Q3)) -> 6 | R15: =GETPIVOTDATA("Suma de GanoEquipo1",Hoja4!$A$3,"id1",CONCATENATE($B$15,R3)) -> 4 | S15: =SUM(C15:R15) -> 29
B16: Peru | E16: =GETPIVOTDATA("Suma de GanoEquipo1",Hoja4!$A$3,"id1",CONCATENATE($B$16,E3)) -> 2 | L16: =GETPIVOTDATA("Suma de GanoEquipo1",Hoja4!$A$3,"id1",CONCATENATE($B$16,L3)) -> 1 | M16: =GETPIVOTDATA("Suma de GanoEquipo1",Hoja4!$A$3,"id1",CONCATENATE($B$16,M3)) -> 2 | Q16: =GETPIVOTDATA("Suma de GanoEquipo1",Hoja4!$A$3,"id1",CONCATENATE($B$16,Q3)) -> 6 | R16: =GETPIVOTDATA("Suma de GanoEquipo1",Hoja4!$A$3,"id1",CONCATENATE($B$16,R3)) -> 5 | S16: =SUM(C16:R16) -> 16
B17: United States | S17: =SUM(C17:R17) -> 0
B18: Uruguay | E18: =GETPIVOTDATA("Suma de GanoEquipo1",Hoja4!$A$3,"id1",CONCATENATE($B$18,E3)) -> 9 | H18: =GETPIVOTDATA("Suma de GanoEquipo1",Hoja4!$A$3,"id1",CONCATENATE($B$18,H3)) -> 1 | J18: =GETPIVOTDATA("Suma de GanoEquipo1",Hoja4!$A$3,"id1",CONCATENATE($B$18,J3)) -> 0 | K18: =GETPIVOTDATA("Suma de GanoEquipo1",Hoja4!$A$3,"id1",CONCATENATE($B$18,K3)) -> 1 | M18: =GETPIVOTDATA("Suma de GanoEquipo1",Hoja4!$A$3,"id1",CONCATENATE($B$18,M3)) -> 1 | P18: =GETPIVOTDATA("Suma de GanoEquipo1",Hoja4!$A$3,"id1",CONCATENATE($B$18,P3)) -> 1 | R18: =GETPIVOTDATA("Suma de GanoEquipo1",Hoja4!$A$3,"id1",CONCATENATE($B$18,R3)) -> 6 | S18: =SUM(C18:R18) -> 19
B19: Venezuela | E19: =GETPIVOTDATA("Suma de GanoEquipo1",Hoja4!$A$3,"id1",CONCATENATE($B$19,E3)) -> 0 | M19: =GETPIVOTDATA("Suma de GanoEquipo1",Hoja4!$A$3,"id1",CONCATENATE($B$19,M3)) -> 0 | P19: =GETPIVOTDATA("Suma de GanoEquipo1",Hoja4!$A$3,"id1",CONCATENATE($B$19,P3)) -> 0 | S19: =SUM(C19:R19) -> 0
A21: Partidos Ganados por Equipo 2
C22: Equipo 1
C23: Argentina | D23: Bolivia | E23: Brazil | F23: Chile | G23: Colombia | H23: Costa Rica | I23: Ecuador | J23: Honduras | K23: Jamaica | L23: Japan | M23: Mexico | N23: Paraguay | O23: Peru | P23: United States | Q23: Uruguay | R23: Venezuela | S23: Total Ganados
A24: Equipo 2 | B24: Argentina | S24: =SUM(C24:R24) -> 0
B25: Bolivia | C25: =GETPIVOTDATA("GanoEquipo2",Hoja4!$D$3,"id2",CONCATENATE($B$25,C23)) -> 2 | S25: =SUM(C25:R25) -> 2
B26: Brazil | C26: =GETPIVOTDATA("GanoEquipo2",Hoja4!$D$3,"id2",CONCATENATE($B$26,C23)) -> 9 | D26: =GETPIVOTDATA("GanoEquipo2",Hoja4!$D$3,"id2",CONCATENATE($B$26,D23)) -> 8 | F26: =GETPIVOTDATA("GanoEquipo2",Hoja4!$D$3,"id2",CONCATENATE($B$26,F23)) -> 16 | G26: =GETPIVOTDATA("GanoEquipo2",Hoja4!$D$3,"id2",CONCATENATE($B$26,G23)) -> 7 | I26: =GETPIVOTDATA("GanoEquipo2",Hoja4!$D$3,"id2",CONCATENATE($B$26,I23)) -> 12 | N26: =GETPIVOTDATA("GanoEquipo2",Hoja4!$D$3,"id2",CONCATENATE($B$26,N23)) -> 13 | O26: =GETPIVOTDATA("GanoEquipo2",Hoja4!$D$3,"id2",CONCATENATE($B$26,O23)) -> 11 | Q26: =GETPIVOTDATA("GanoEquipo2",Hoja4!$D$3,"id2",CONCATENATE($B$26,Q23)) -> 9 | R26: =GETPIVOTDATA("GanoEquipo2",Hoja4!$D$3,"id2",CONCATENATE($B$26,R23)) -> 5 | S26: =SUM(C26:R26) -> 90
B27: Chile | C27: =GETPIVOTDATA("GanoEquipo2",Hoja4!$D$3,"id2",CONCATENATE($B$27,C23)) -> 0 | D27: =GETPIVOTDATA("GanoEquipo2",Hoja4!$D$3,"id2",CONCATENATE($B$27,D23)) -> 8 | S27: =SUM(C27:R27) -> 8
B28: Colombia | C28: =GETPIVOTDATA("GanoEquipo2",Hoja4!$D$3,"id2",CONCATENATE($B$28,C23)) -> 2 | D28: =GETPIVOTDATA("GanoEquipo2",Hoja4!$D$3,"id2",CONCATENATE($B$28,D23)) -> 4 | F28: =GETPIVOTDATA("GanoEquipo2",Hoja4!$D$3,"id2",CONCATENATE($B$28,F23)) -> 2 | S28: =SUM(C28:R28) -> 8
B29: Costa Rica | C29: =GETPIVOTDATA("GanoEquipo2",Hoja4!$D$3,"id2",CONCATENATE($B$29,C23)) -> 0 | D29: =GETPIVOTDATA("GanoEquipo2",Hoja4!$D$3,"id2",CONCATENATE($B$29,D23)) -> 2 | E29: =GETPIVOTDATA("GanoEquipo2",Hoja4!$D$3,"id2",CONCATENATE($B$29,E23)) -> 0 | F29: =GETPIVOTDATA("GanoEquipo2",Hoja4!$D$3,"id2",CONCATENATE($B$29,F23)) -> 1 | G29: =GETPIVOTDATA("GanoEquipo2",Hoja4!$D$3,"id2",CONCATENATE($B$29,G23)) -> 0 | M29: =GETPIVOTDATA("GanoEquipo2",Hoja4!$D$3,"id2",CONCATENATE($B$29,M23)) -> 0 | N29: =GETPIVOTDATA("GanoEquipo2",Hoja4!$D$3,"id2",CONCATENATE($B$29,N23)) -> 0 | Q29: =GETPIVOTDATA("GanoEquipo2",Hoja4!$D$3,"id2",CONCATENATE($B$29,Q23)) -> 0 | S29: =SUM(C29:R29) -> 3
B30: Ecuador | C30: =GETPIVOTDATA("GanoEquipo2",Hoja4!$D$3,"id2",CONCATENATE($B$30,C23)) -> 0 | D30: =GETPIVOTDATA("GanoEquipo2",Hoja4!$D$3,"id2",CONCATENATE($B$30,D23)) -> 1 | F30: =GETPIVOTDATA("GanoEquipo2",Hoja4!$D$3,"id2",CONCATENATE($B$30,F23)) -> 1 | G30: =GETPIVOTDATA("GanoEquipo2",Hoja4!$D$3,"id2",CONCATENATE($B$30,G23)) -> 2 | S30: =SUM(C30:R30) -> 4
B31: Honduras | D31: =GETPIVOTDATA("GanoEquipo2",Hoja4!$D$3,"id2",CONCATENATE($B$31,D23)) -> 1 | E31: =GETPIVOTDATA("GanoEquipo2",Hoja4!$D$3,"id2",CONCATENATE($B$31,E23)) -> 1 | G31: =GETPIVOTDATA("GanoEquipo2",Hoja4!$D$3,"id2",CONCATENATE($B$31,G23)) -> 0 | H31: =GETPIVOTDATA("GanoEquipo2",Hoja4!$D$3,"id2",CONCATENATE($B$31,H23)) -> 0 | Q31: =GETPIVOTDATA("GanoEquipo2",Hoja4!$D$3,"id2",CONCATENATE($B$31,Q23)) -> 1 | S31: =SUM(C31:R31) -> 3
B32: Jamaica | C32: =GETPIVOTDATA("GanoEquipo2",Hoja4!$D$3,"id2",CONCATENATE($B$32,C23)) -> 0 | N32: =GETPIVOTDATA("GanoEquipo2",Hoja4!$D$3,"id2",CONCATENATE($B$32,N23)) -> 0 | Q32: =GETPIVOTDATA("GanoEquipo2",Hoja4!$D$3,"id2",CONCATENATE($B$32,Q23)) -> 0 | S32: =SUM(C32:R32) -> 0
B33: Japan | D33: =GETPIVOTDATA("GanoEquipo2",Hoja4!$D$3,"id2",CONCATENATE($B$33,D23)) -> 0 | N33: =GETPIVOTDATA("GanoEquipo2",Hoja4!$D$3,"id2",CONCATENATE($B$33,N23)) -> 0 | O33: =GETPIVOTDATA("GanoEquipo2",Hoja4!$D$3,"id2",CONCATENATE($B$33,O23)) -> 0 | S33: =SUM(C33:R33) -> 0
B34: Mexico | C34: =GETPIVOTDATA("GanoEquipo2",Hoja4!$D$3,"id2",CONCATENATE($B$34,C23)) -> 1 | D34: =GETPIVOTDATA("GanoEquipo2",Hoja4!$D$3,"id2",CONCATENATE($B$34,D23)) -> 0 | E34: =GETPIVOTDATA("GanoEquipo2",Hoja4!$D$3,"id2",CONCATENATE($B$34,E23)) -> 2 | F34: =GETPIVOTDATA("GanoEquipo2",Hoja4!$D$3,"id2",CONCATENATE($B$34,F23)) -> 3 | G34: =GETPIVOTDATA("GanoEquipo2",Hoja4!$D$3,"id2",CONCATENATE($B$34,G23)) -> 1 | I34: =GETPIVOTDATA("GanoEquipo2",Hoja4!$D$3,"id2",CONCATENATE($B$34,I23)) -> 4 | N34: =GETPIVOTDATA("GanoEquipo2",Hoja4!$D$3,"id2",CONCATENATE($B$34,N23)) -> 1 | O34: =GETPIVOTDATA("GanoEquipo2",Hoja4!$D$3,"id2",CONCATENATE($B$34,O23)) -> 2 | Q34: =GETPIVOTDATA("GanoEquipo2",Hoja4!$D$3,"id2",CONCATENATE($B$34,Q23)) -> 2 | R34: =GETPIVOTDATA("GanoEquipo2",Hoja4!$D$3,"id2",CONCATENATE($B$34,R23)) -> 2 | S34: =SUM(C34:R34) -> 18
B35: Paraguay | C35: =GETPIVOTDATA("GanoEquipo2",Hoja4!$D$3,"id2",CONCATENATE($B$35,C23)) -> 0 | D35: =GETPIVOTDATA("GanoEquipo2",Hoja4!$D$3,"id2",CONCATENATE($B$35,D23)) -> 7 | F35: =GETPIVOTDATA("GanoEquipo2",Hoja4!$D$3,"id2",CONCATENATE($B$35,F23)) -> 12 | G35: =GETPIVOTDATA("GanoEquipo2",Hoja4!$D$3,"id2",CONCATENATE($B$35,G23)) -> 5 | I35: =GETPIVOTDATA("GanoEquipo2",Hoja4!$D$3,"id2",CONCATENATE($B$35,I23)) -> 10 | S35: =SUM(C35:R35) -> 34
B36: Peru | C36: =GETPIVOTDATA("GanoEquipo2",Hoja4!$D$3,"id2",CONCATENATE($B$36,C23)) -> 3 | D36: =GETPIVOTDATA("GanoEquipo2",Hoja4!$D$3,"id2",CONCATENATE($B$36,D23)) -> 7 | F36: =GETPIVOTDATA("GanoEquipo2",Hoja4!$D$3,"id2",CONCATENATE($B$36,F23)) -> 6 | G36: =GETPIVOTDATA("GanoEquipo2",Hoja4!$D$3,"id2",CONCATENATE($B$36,G23)) -> 7 | I36: =GETPIVOTDATA("GanoEquipo2",Hoja4!$D$3,"id2",CONCATENATE($B$36,I23)) -> 8 | N36: =GETPIVOTDATA("GanoEquipo2",Hoja4!$D$3,"id2",CONCATENATE($B$36,N23)) -> 2 | S36: =SUM(C36:R36) -> 33
B37: United States | C37: =GETPIVOTDATA("GanoEquipo2",Hoja4!$D$3,"id2",CONCATENATE($B$37,C23)) -> 1 | D37: =GETPIVOTDATA("GanoEquipo2",Hoja4!$D$3,"id2",CONCATENATE($B$37,D23)) -> 0 | E37: =GETPIVOTDATA("GanoEquipo2",Hoja4!$D$3,"id2",CONCATENATE($B$37,E23)) -> 0 | F37: =GETPIVOTDATA("GanoEquipo2",Hoja4!$D$3,"id2",CONCATENATE($B$37,F23)) -> 1 | G37: =GETPIVOTDATA("GanoEquipo2",Hoja4!$D$3,"id2",CONCATENATE($B$37,G23)) -> 0 | I37: =GETPIVOTDATA("GanoEquipo2",Hoja4!$D$3,"id2",CONCATENATE($B$37,I23)) -> 0 | M37: =GETPIVOTDATA("GanoEquipo2",Hoja4!$D$3,"id2",CONCATENATE($B$37,M23)) -> 0 | N37: =GETPIVOTDATA("GanoEquipo2",Hoja4!$D$3,"id2",CONCATENATE($B$37,N23)) -> 0 | Q37: =GETPIVOTDATA("GanoEquipo2",Hoja4!$D$3,"id2",CONCATENATE($B$37,Q23)) -> 0 | R37: =GETPIVOTDATA("GanoEquipo2",Hoja4!$D$3,"id2",CONCATENATE($B$37,R23)) -> 0 | S37: =SUM(C37:R37) -> 2
B38: Uruguay | C38: =GETPIVOTDATA("GanoEquipo2",Hoja4!$D$3,"id2",CONCATENATE($B$38,C23)) -> 13 | D38: =GETPIVOTDATA("GanoEquipo2",Hoja4!$D$3,"id2",CONCATENATE($B$38,D23)) -> 13 | F38: =GETPIVOTDATA("GanoEquipo2",Hoja4!$D$3,"id2",CONCATENATE($B$38,F23)) -> 18 | G38: =GETPIVOTDATA("GanoEquipo2",Hoja4!$D$3,"id2",CONCATENATE($B$38,G23)) -> 6 | I38: =GETPIVOTDATA("GanoEquipo2",Hoja4!$D$3,"id2",CONCATENATE($B$38,I23)) -> 13 | N38: =GETPIVOTDATA("GanoEquipo2",Hoja4!$D$3,"id2",CONCATENATE($B$38,N23)) -> 14 | O38: =GETPIVOTDATA("GanoEquipo2",Hoja4!$D$3,"id2",CONCATENATE($B$38,O23)) -> 12 | S38: =SUM(C38:R38) -> 89
B39: Venezuela | C39: =GETPIVOTDATA("GanoEquipo2",Hoja4!$D$3,"id2",CONCATENATE($B$39,C23)) -> 0 | D39: =GETPIVOTDATA("GanoEquipo2",Hoja4!$D$3,"id2",CONCATENATE($B$39,D23)) -> 1 | F39: =GETPIVOTDATA("GanoEquipo2",Hoja4!$D$3,"id2",CONCATENATE($B$39,F23)) -> 1 | G39: =GETPIVOTDATA("GanoEquipo2",Hoja4!$D$3,"id2",CONCATENATE($B$39,G23)) -> 1 | I39: =GETPIVOTDATA("GanoEquipo2",Hoja4!$D$3,"id2",CONCATENATE($B$39,I23)) -> 1 | N39: =GETPIVOTDATA("GanoEquipo2",Hoja4!$D$3,"id2",CONCATENATE($B$39,N23)) -> 0 | O39: =GETPIVOTDATA("GanoEquipo2",Hoja4!$D$3,"id2",CONCATENATE($B$39,O23)) -> 1 | Q39: =GETPIVOTDATA("GanoEquipo2",Hoja4!$D$3,"id2",CONCATENATE($B$39,Q23)) -> 0 | S39: =SUM(C39:R39) -> 5
A41: Partidos Empatados
C42: Equipo 2 /Equipo 1
C43: Argentina | D43: Bolivia | E43: Brazil | F43: Chile | G43: Colombia | H43: Costa Rica | I43: Ecuador | J43: Honduras | K43: Jamaica | L43: Japan | M43: Mexico | N43: Paraguay | O43: Peru | P43: United States | Q43: Uruguay | R43: Venezuela | S43: Total Empatados
A44: Equipo 1 / Equipo 2 | B44: Argentina | D44: =GETPIVOTDATA("Empate",Hoja4!$G$3,"id1",CONCATENATE($B$44,D43)) -> 2 | E44: =GETPIVOTDATA("Empate",Hoja4!$G$3,"id1",CONCATENATE($B$44,E43)) -> 8 | F44: =GETPIVOTDATA("Empate",Hoja4!$G$3,"id1",CONCATENATE($B$44,F43)) -> 6 | G44: =GETPIVOTDATA("Empate",Hoja4!$G$3,"id1",CONCATENATE($B$44,G43)) -> 3 | H44: =GETPIVOTDATA("Empate",Hoja4!$G$3,"id1",CONCATENATE($B$44,H43)) -> 0 | I44: =GETPIVOTDATA("Empate",Hoja4!$G$3,"id1",CONCATENATE($B$44,I43)) -> 5 | K44: =GETPIVOTDATA("Empate",Hoja4!$G$3,"id1",CONCATENATE($B$44,K43)) -> 0 | M44: =GETPIVOTDATA("Empate",Hoja4!$G$3,"id1",CONCATENATE($B$44,M43)) -> 1 | N44: =GETPIVOTDATA("Empate",Hoja4!$G$3,"id1",CONCATENATE($B$44,N43)) -> 5 | O44: =GETPIVOTDATA("Empate",Hoja4!$G$3,"id1",CONCATENATE($B$44,O43)) -> 2 | P44: =GETPIVOTDATA("Empate",Hoja4!$G$3,"id1",CONCATENATE($B$44,P43)) -> 0 | Q44: =GETPIVOTDATA("Empate",Hoja4!$G$3,"id1",CONCATENATE($B$44,Q43)) -> 4 | R44: =GETPIVOTDATA("Empate",Hoja4!$G$3,"id1",CONCATENATE($B$44,R43)) -> 0 | S44: =SUM(C44:R44) -> 36
B45: Bolivia | E45: =GETPIVOTDATA("Empate",Hoja4!$G$3,"id1",CONCATENATE($B$45,E43)) -> 0 | F45: =GETPIVOTDATA("Empate",Hoja4!$G$3,"id1",CONCATENATE($B$45,F43)) -> 3 | G45: =GETPIVOTDATA("Empate",Hoja4!$G$3,"id1",CONCATENATE($B$45,G43)) -> 5 | H45: =GETPIVOTDATA("Empate",Hoja4!$G$3,"id1",CONCATENATE($B$45,H43)) -> 0 | I45: =GETPIVOTDATA("Empate",Hoja4!$G$3,"id1",CONCATENATE($B$45,I43)) -> 5 | J45: =GETPIVOTDATA("Empate",Hoja4!$G$3,"id1",CONCATENATE($B$45,J43)) -> 0 | L45: =GETPIVOTDATA("Empate",Hoja4!$G$3,"id1",CONCATENATE($B$45,L43)) -> 1 | M45: =GETPIVOTDATA("Empate",Hoja4!$G$3,"id1",CONCATENATE($B$45,M43)) -> 2 | N45: =GETPIVOTDATA("Empate",Hoja4!$G$3,"id1",CONCATENATE($B$45,N43)) -> 2 | O45: =GETPIVOTDATA("Empate",Hoja4!$G$3,"id1",CONCATENATE($B$45,O43)) -> 4 | P45: =GETPIVOTDATA("Empate",Hoja4!$G$3,"id1",CONCATENATE($B$45,P43)) -> 0 | Q45: =GETPIVOTDATA("Empate",Hoja4!$G$3,"id1",CONCATENATE($B$45,Q43)) -> 1 | R45: =GETPIVOTDATA("Empate",Hoja4!$G$3,"id1",CONCATENATE($B$45,R43)) -> 2 | S45: =SUM(C45:R45) -> 25
B46: Brazil | H46: =GETPIVOTDATA("Empate",Hoja4!$G$3,"id1",CONCATENATE($B$46,H43)) -> 0 | J46: =GETPIVOTDATA("Empate",Hoja4!$G$3,"id1",CONCATENATE($B$46,J43)) -> 0 | M46: =GETPIVOTDATA("Empate",Hoja4!$G$3,"id1",CONCATENATE($B$46,M43)) -> 0 | P46: =GETPIVOTDATA("Empate",Hoja4!$G$3,"id1",CONCATENATE($B$46,P43)) -> 0 | S46: =SUM(C46:R46) -> 0
B47: Chile | E47: =GETPIVOTDATA("Empate",Hoja4!$G$3,"id1",CONCATENATE($B$47,E43)) -> 2 | G47: =GETPIVOTDATA("Empate",Hoja4!$G$3,"id1",CONCATENATE($B$47,G43)) -> 3 | H47: =GETPIVOTDATA("Empate",Hoja4!$G$3,"id1",CONCATENATE($B$47,H43)) -> 0 | I47: =GETPIVOTDATA("Empate",Hoja4!$G$3,"id1",CONCATENATE($B$47,I43)) -> 1 | M47: =GETPIVOTDATA("Empate",Hoja4!$G$3,"id1",CONCATENATE($B$47,M43)) -> 2 | N47: =GETPIVOTDATA("Empate",Hoja4!$G$3,"id1",CONCATENATE($B$47,N43)) -> 2 | O47: =GETPIVOTDATA("Empate",Hoja4!$G$3,"id1",CONCATENATE($B$47,O43)) -> 6 | P47: =GETPIVOTDATA("Empate",Hoja4!$G$3,"id1",CONCATENATE($B$47,P43)) -> 0 | Q47: =GETPIVOTDATA("Empate",Hoja4!$G$3,"id1",CONCATENATE($B$47,Q43)) -> 4 | R47: =GETPIVOTDATA("Empate",Hoja4!$G$3,"id1",CONCATENATE($B$47,R43)) -> 2 | S47: =SUM(C47:R47) -> 22
B48: Colombia | E48: =GETPIVOTDATA("Empate",Hoja4!$G$3,"id1",CONCATENATE($B$48,E$43)) -> 1 | H48: =GETPIVOTDATA("Empate",Hoja4!$G$3,"id1",CONCATENATE($B$48,H$43)) -> 0 | I48: =GETPIVOTDATA("Empate",Hoja4!$G$3,"id1",CONCATENATE($B$48,I$43)) -> 1 | J48: =GETPIVOTDATA("Empate",Hoja4!$G$3,"id1",CONCATENATE($B$48,J$43)) -> 0 | M48: =GETPIVOTDATA("Empate",Hoja4!$G$3,"id1",CONCATENATE($B$48,M$43)) -> 0 | N48: =GETPIVOTDATA("Empate",Hoja4!$G$3,"id1",CONCATENATE($B$48,N$43)) -> 1 | O48: =GETPIVOTDATA("Empate",Hoja4!$G$3,"id1",CONCATENATE($B$48,O$43)) -> 5 | P48: =GETPIVOTDATA("Empate",Hoja4!$G$3,"id1",CONCATENATE($B$48,P$43)) -> 0 | Q48: =GETPIVOTDATA("Empate",Hoja4!$G$3,"id1",CONCATENATE($B$48,Q$43)) -> 2 | R48: =GETPIVOTDATA("Empate",Hoja4!$G$3,"id1",CONCATENATE($B$48,R$43)) -> 1 | S48: =SUM(C48:R48) -> 11
B49: Costa Rica | J49: =GETPIVOTDATA("Empate",Hoja4!$G$3,"id1",CONCATENATE($B49,J$43)) -> 0 | S49: =SUM(C49:R49) -> 0
B50: Ecuador | E50: =GETPIVOTDATA("Empate",Hoja4!$G$3,"id1",CONCATENATE($B50,E$43)) -> 1 | M50: =GETPIVOTDATA("Empate",Hoja4!$G$3,"id1",CONCATENATE($B50,M$43)) -> 1 | N50: =GETPIVOTDATA("Empate",Hoja4!$G$3,"id1",CONCATENATE($B50,N$43)) -> 4 | O50: =GETPIVOTDATA("Empate",Hoja4!$G$3,"id1",CONCATENATE($B50,O$43)) -> 2 | P50: =GETPIVOTDATA("Empate",Hoja4!$G$3,"id1",CONCATENATE($B50,P$43)) -> 0 | Q50: =GETPIVOTDATA("Empate",Hoja4!$G$3,"id1",CONCATENATE($B50,Q$43)) -> 1 | R50: =GETPIVOTDATA("Empate",Hoja4!$G$3,"id1",CONCATENATE($B50,R$43)) -> 0 | S50: =SUM(C50:R50) -> 9
B51: Honduras | S51: =SUM(C51:R51) -> 0
B52: Jamaica | S52: =SUM(C52:R52) -> 0
B53: Japan | S53: =SUM(C53:R53) -> 0
B54: Mexico | H54: =GETPIVOTDATA("Empate",Hoja4!$G$3,"id1",CONCATENATE($B54,H$43)) -> 1 | P54: =GETPIVOTDATA("Empate",Hoja4!$G$3,"id1",CONCATENATE($B54,P$43)) -> 1 | S54: =SUM(C54:R54) -> 2
B55: Paraguay | E55: =GETPIVOTDATA("Empate",Hoja4!$G$3,"id1",CONCATENATE($B55,E$43)) -> 9 | H55: =GETPIVOTDATA("Empate",Hoja4!$G$3,"id1",CONCATENATE($B55,H$43)) -> 0 | K55: =GETPIVOTDATA("Empate",Hoja4!$G$3,"id1",CONCATENATE($B55,K$43)) -> 0 | L55: =GETPIVOTDATA("Empate",Hoja4!$G$3,"id1",CONCATENATE($B55,L$43)) -> 0 | M55: =GETPIVOTDATA("Empate",Hoja4!$G$3,"id1",CONCATENATE($B55,M$43)) -> 1 | O55: =GETPIVOTDATA("Empate",Hoja4!$G$3,"id1",CONCATENATE($B55,O$43)) -> 7 | P55: =GETPIVOTDATA("Empate",Hoja4!$G$3,"id1",CONCATENATE($B55,P$43)) -> 0 | Q55: =GETPIVOTDATA("Empate",Hoja4!$G$3,"id1",CONCATENATE($B55,Q$43)) -> 6 | R55: =GETPIVOTDATA("Empate",Hoja4!$G$3,"id1",CONCATENATE($B55,R$43)) -> 2 | S55: =SUM(C55:R55) -> 25
B56: Peru | E56: =GETPIVOTDATA("Empate",Hoja4!$G$3,"id1",CONCATENATE($B56,E$43)) -> 3 | L56: =GETPIVOTDATA("Empate",Hoja4!$G$3,"id1",CONCATENATE($B56,L$43)) -> 0 | M56: =GETPIVOTDATA("Empate",Hoja4!$G$3,"id1",CONCATENATE($B56,M$43)) -> 1 | Q56: =GETPIVOTDATA("Empate",Hoja4!$G$3,"id1",CONCATENATE($B56,Q$43)) -> 2 | R56: =GETPIVOTDATA("Empate",Hoja4!$G$3,"id1",CONCATENATE($B56,R$43)) -> 1 | S56: =SUM(C56:R56) -> 7
B57: United States | S57: =SUM(C57:R57) -> 0
B58: Uruguay | E58: =GETPIVOTDATA("Empate",Hoja4!$G$3,"id1",CONCATENATE($B58,E$43)) -> 8 | H58: =GETPIVOTDATA("Empate",Hoja4!$G$3,"id1",CONCATENATE($B58,H$43)) -> 1 | J58: =GETPIVOTDATA("Empate",Hoja4!$G$3,"id1",CONCATENATE($B58,J$43)) -> 1 | K58: =GETPIVOTDATA("Empate",Hoja4!$G$3,"id1",CONCATENATE($B58,K$43)) -> 0 | M58: =GETPIVOTDATA("Empate",Hoja4!$G$3,"id1",CONCATENATE($B58,M$43)) -> 2 | P58: =GETPIVOTDATA("Empate",Hoja4!$G$3,"id1",CONCATENATE($B58,P$43)) -> 0 | R58: =GETPIVOTDATA("Empate",Hoja4!$G$3,"id1",CONCATENATE($B58,R$43)) -> 2 | S58: =SUM(C58:R58) -> 14
B59: Venezuela | E59: =GETPIVOTDATA("Empate",Hoja4!$G$3,"id1",CONCATENATE($B59,E$43)) -> 1 | M59: =GETPIVOTDATA("Empate",Hoja4!$G$3,"id1",CONCATENATE($B59,M$43)) -> 0 | P59: =GETPIVOTDATA("Empate",Hoja4!$G$3,"id1",CONCATENATE($B59,P$43)) -> 1 | S59: =SUM(C59:R59) -> 2
A61: Total Partidos Jugados (paso1) | U61: Total Partidos Jugados (paso2) - Matriz simetrica
C62: Equipo 2 /Equipo 1 | W62: Equipo 2 /Equipo 1 | AP62: 1 | AQ62: 2 | AR62: 3 | AS62: 4 | AT62: 5 | AU62: 6 | AV62: 7 | AW62: 8 | AX62: 9 | AY62: 10 | AZ62: 11 | BA62: 12 | BB62: 13 | BC62: 14 | BD62: 15 | BE62: 16
C63: Argentina | D63: Bolivia | E63: Brazil | F63: Chile | G63: Colombia | H63: Costa Rica | I63: Ecuador | J63: Honduras | K63: Jamaica | L63: Japan | M63: Mexico | N63: Paraguay | O63: Peru | P63: United States | Q63: Uruguay | R63: Venezuela | S63: Total Jugados | W63: Argentina | X63: Bolivia | Y63: Brazil | Z63: Chile | AA63: Colombia | AB63: Costa Rica | AC63: Ecuador | AD63: Honduras | AE63: Jamaica | AF63: Japan | AG63: Mexico | AH63: Paraguay | AI63: Peru | AJ63: United States | AK63: Uruguay | AL63: Venezuela | AM63: Total Jugados
A64: Equipo 1 / Equipo 2 | B64: Argentina | D64: =D4+D24+D44 -> 12 | E64: =E4+E24+E44 -> 23 | F64: =F4+F24+F44 -> 24 | G64: =G4+G24+G44 -> 10 | H64: =H4+H24+H44 -> 1 | I64: =I4+I24+I44 -> 15 | J64: =J4+J24+J44 -> 0 | K64: =K4+K24+K44 -> 1 | ... R64: =R4+R24+R44 -> 4 | S64: =SUM(C64:R64) -> 149 | U64: Equipo 1 / Equipo 2 | V64: Argentina | X64: =INDEX($C$64:$R$79,$AO64,AQ$62)+INDEX($C$64:$R$79,AQ$62,$AO$64) -> 14 | Y64: =INDEX($C$64:$R$79,$AO64,AR$62)+INDEX($C$64:$R$79,AR$62,$AO$64) -> 32 | Z64: =INDEX($C$64:$R$79,$AO64,AS$62)+INDEX($C$64:$R$79,AS$62,$AO$64) -> 24 | AA64: =INDEX($C$64:$R$79,$AO64,AT$62)+INDEX($C$64:$R$79,AT$62,$AO$64) -> 12 | AB64: =INDEX($C$64:$R$79,$AO64,AU$62)+INDEX($C$64:$R$79,AU$62,$AO$64) -> 1 | AC64: =INDEX($C$64:$R$79,$AO64,AV$62)+INDEX($C$64:$R$79,AV$62,$AO$64) -> 15 | AD64: =INDEX($C$64:$R$79,$AO64,AW$62)+INDEX($C$64:$R$79,AW$62,$AO$64) -> 0 | AE64: =INDEX($C$64:$R$79,$AO64,AX$62)+INDEX($C$64:$R$79,AX$62,$AO$64) -> 1 | ... AL64: =INDEX($C$64:$R$79,$AO64,BE$62)+INDEX($C$64:$R$79,BE$62,$AO$64) -> 4 | AM64: =SUM(W64:AL64) -> 180 | AO64: 1
B65: Bolivia | C65: =C5+C25+C45 -> 2 | E65: =E5+E25+E45 -> 2 | F65: =F5+F25+F45 -> 5 | G65: =G5+G25+G45 -> 8 | H65: =H5+H25+H45 -> 0 | I65: =I5+I25+I45 -> 7 | J65: =J5+J25+J45 -> 0 | K65: =K5+K25+K45 -> 0 | L65: =L5+L25+L45 -> 1 | ... R65: =R5+R25+R45 -> 3 | S65: =SUM(C65:R65) -> 45 | V65: Bolivia | W65: =INDEX($C$64:$R$79,$AO64,AQ$62)+INDEX($C$64:$R$79,AQ$62,$AO$64) -> 14 | Y65: =INDEX($C$64:$R$79,$AO65,AR$62)+INDEX($C$64:$R$79,AR$62,$AO$65) -> 10 | Z65: =INDEX($C$64:$R$79,$AO65,AS$62)+INDEX($C$64:$R$79,AS$62,$AO$65) -> 13 | AA65: =INDEX($C$64:$R$79,$AO65,AT$62)+INDEX($C$64:$R$79,AT$62,$AO$65) -> 12 | AB65: =INDEX($C$64:$R$79,$AO65,AU$62)+INDEX($C$64:$R$79,AU$62,$AO$65) -> 2 | AC65: =INDEX($C$64:$R$79,$AO65,AV$62)+INDEX($C$64:$R$79,AV$62,$AO$65) -> 8 | AD65: =INDEX($C$64:$R$79,$AO65,AW$62)+INDEX($C$64:$R$79,AW$62,$AO$65) -> 1 | AE65: =INDEX($C$64:$R$79,$AO65,AX$62)+INDEX($C$64:$R$79,AX$62,$AO$65) -> 0 | AF65: =INDEX($C$64:$R$79,$AO65,AY$62)+INDEX($C$64:$R$79,AY$62,$AO$65) -> 1 | ... AL65: =INDEX($C$64:$R$79,$AO65,BE$62)+INDEX($C$64:$R$79,BE$62,$AO$65) -> 4 | AM65: =SUM(W65:AL65) -> 109 | AO65: 2
B66: Brazil | C66: =C6+C26+C46 -> 9 | D66: =D6+D26+D46 -> 8 | F66: =F6+F26+F46 -> 16 | G66: =G6+G26+G46 -> 7 | H66: =H6+H26+H46 -> 2 | I66: =I6+I26+I46 -> 12 | J66: =J6+J26+J46 -> 0 | K66: =K6+K26+K46 -> 0 | L66: =L6+L26+L46 -> 0 | M66: =M6+M26+M46 -> 4 | ... R66: =R6+R26+R46 -> 5 | S66: =SUM(C66:R66) -> 97 | V66: Brazil | W66: =INDEX($C$64:$R$79,$AO64,AR$62)+INDEX($C$64:$R$79,AR$62,$AO$64) -> 32 | X66: =INDEX($C$64:$R$79,$AO65,AR$62)+INDEX($C$64:$R$79,AR$62,$AO$65) -> 10 | Z66: =INDEX($C$64:$R$79,$AO66,AS$62)+INDEX($C$64:$R$79,AS$62,$AO$66) -> 21 | AA66: =INDEX($C$64:$R$79,$AO66,AT$62)+INDEX($C$64:$R$79,AT$62,$AO$66) -> 10 | AB66: =INDEX($C$64:$R$79,$AO66,AU$62)+INDEX($C$64:$R$79,AU$62,$AO$66) -> 2 | AC66: =INDEX($C$64:$R$79,$AO66,AV$62)+INDEX($C$64:$R$79,AV$62,$AO$66) -> 13 | AD66: =INDEX($C$64:$R$79,$AO66,AW$62)+INDEX($C$64:$R$79,AW$62,$AO$66) -> 1 | AE66: =INDEX($C$64:$R$79,$AO66,AX$62)+INDEX($C$64:$R$79,AX$62,$AO$66) -> 0 | AF66: =INDEX($C$64:$R$79,$AO66,AY$62)+INDEX($C$64:$R$79,AY$62,$AO$66) -> 0 | AG66: =INDEX($C$64:$R$79,$AO66,AZ$62)+INDEX($C$64:$R$79,AZ$62,$AO$66) -> 6 | ... AL66: =INDEX($C$64:$R$79,$AO66,BE$62)+INDEX($C$64:$R$79,BE$62,$AO$66) -> 6 | AM66: =SUM(W66:AL66) -> 173 | AO66: 3
B67: Chile | C67: =C7+C27+C47 -> 0 | D67: =D7+D27+D47 -> 8 | E67: =E7+E27+E47 -> 5 | G67: =G7+G27+G47 -> 10 | H67: =H7+H27+H47 -> 0 | I67: =I7+I27+I47 -> 13 | J67: =J7+J27+J47 -> 0 | K67: =K7+K27+K47 -> 0 | L67: =L7+L27+L47 -> 0 | M67: =M7+M27+M47 -> 3 | N67: =N7+N27+N47 -> 9 | ... R67: =R7+R27+R47 -> 9 | S67: =SUM(C67:R67) -> 80 | V67: Chile | W67: =INDEX($C$64:$R$79,$AO64,AS$62)+INDEX($C$64:$R$79,AS$62,$AO$64) -> 24 | X67: =INDEX($C$64:$R$79,$AO65,AS$62)+INDEX($C$64:$R$79,AS$62,$AO$65) -> 13 | Y67: =INDEX($C$64:$R$79,$AO66,AS$62)+INDEX($C$64:$R$79,AS$62,$AO$66) -> 21 | AA67: =INDEX($C$64:$R$79,$AO67,AT$62)+INDEX($C$64:$R$79,AT$62,$AO$67) -> 12 | AB67: =INDEX($C$64:$R$79,$AO67,AU$62)+INDEX($C$64:$R$79,AU$62,$AO$67) -> 1 | AC67: =INDEX($C$64:$R$79,$AO67,AV$62)+INDEX($C$64:$R$79,AV$62,$AO$67) -> 14 | AD67: =INDEX($C$64:$R$79,$AO67,AW$62)+INDEX($C$64:$R$79,AW$62,$AO$67) -> 0 | AE67: =INDEX($C$64:$R$79,$AO67,AX$62)+INDEX($C$64:$R$79,AX$62,$AO$67) -> 0 | AF67: =INDEX($C$64:$R$79,$AO67,AY$62)+INDEX($C$64:$R$79,AY$62,$AO$67) -> 0 | AG67: =INDEX($C$64:$R$79,$AO67,AZ$62)+INDEX($C$64:$R$79,AZ$62,$AO$67) -> 6 | AH67: =INDEX($C$64:$R$79,$AO67,BA$62)+INDEX($C$64:$R$79,BA$62,$AO$67) -> 21 | ... AL67: =INDEX($C$64:$R$79,$AO67,BE$62)+INDEX($C$64:$R$79,BE$62,$AO$67) -> 10 | AM67: =SUM(W67:AL67) -> 170 | AO67: 4
B68: Colombia | C68: =C8+C28+C48 -> 2 | D68: =D8+D28+D48 -> 4 | E68: =E8+E28+E48 -> 3 | F68: =F8+F28+F48 -> 2 | H68: =H8+H28+H48 -> 3 | I68: =I8+I28+I48 -> 10 | J68: =J8+J28+J48 -> 1 | K68: =K8+K28+K48 -> 0 | L68: =L8+L28+L48 -> 0 | M68: =M8+M28+M48 -> 2 | N68: =N8+N28+N48 -> 4 | O68: =O8+O28+O48 -> 7 | ... R68: =R8+R28+R48 -> 5 | S68: =SUM(C68:R68) -> 50 | V68: Colombia | W68: =INDEX($C$64:$R$79,$AO64,AT$62)+INDEX($C$64:$R$79,AT$62,$AO$64) -> 12 | X68: =INDEX($C$64:$R$79,$AO65,AT$62)+INDEX($C$64:$R$79,AT$62,$AO$65) -> 12 | Y68: =INDEX($C$64:$R$79,$AO66,AT$62)+INDEX($C$64:$R$79,AT$62,$AO$66) -> 10 | Z68: =INDEX($C$64:$R$79,$AO67,AT$62)+INDEX($C$64:$R$79,AT$62,$AO$67) -> 12 | AB68: =INDEX($C$64:$R$79,$AO68,AU$62)+INDEX($C$64:$R$79,AU$62,$AO$68) -> 3 | AC68: =INDEX($C$64:$R$79,$AO68,AV$62)+INDEX($C$64:$R$79,AV$62,$AO$68) -> 12 | AD68: =INDEX($C$64:$R$79,$AO68,AW$62)+INDEX($C$64:$R$79,AW$62,$AO$68) -> 1 | AE68: =INDEX($C$64:$R$79,$AO68,AX$62)+INDEX($C$64:$R$79,AX$62,$AO$68) -> 0 | AF68: =INDEX($C$64:$R$79,$AO68,AY$62)+INDEX($C$64:$R$79,AY$62,$AO$68) -> 0 | AG68: =INDEX($C$64:$R$79,$AO68,AZ$62)+INDEX($C$64:$R$79,AZ$62,$AO$68) -> 3 | AH68: =INDEX($C$64:$R$79,$AO68,BA$62)+INDEX($C$64:$R$79,BA$62,$AO$68) -> 9 | AI68: =INDEX($C$64:$R$79,$AO68,BB$62)+INDEX($C$64:$R$79,BB$62,$AO$68) -> 14 | ... AL68: =INDEX($C$64:$R$79,$AO68,BE$62)+INDEX($C$64:$R$79,BE$62,$AO$68) -> 6 | AM68: =SUM(W68:AL68) -> 107 | AO68: 5
B69: Costa Rica | C69: =C9+C29+C49 -> 0 | D69: =D9+D29+D49 -> 2 | E69: =E9+E29+E49 -> 0 | F69: =F9+F29+F49 -> 1 | G69: =G9+G29+G49 -> 0 | I69: =I9+I29+I49 -> 0 | J69: =J9+J29+J49 -> 1 | K69: =K9+K29+K49 -> 0 | L69: =L9+L29+L49 -> 0 | M69: =M9+M29+M49 -> 0 | N69: =N9+N29+N49 -> 0 | O69: =O9+O29+O49 -> 0 | P69: =P9+P29+P49 -> 0 | ... R69: =R9+R29+R49 -> 0 | S69: =SUM(C69:R69) -> 4 | V69: Costa Rica | W69: =INDEX($C$64:$R$79,$AO64,AU$62)+INDEX($C$64:$R$79,AU$62,$AO$64) -> 1 | X69: =INDEX($C$64:$R$79,$AO65,AU$62)+INDEX($C$64:$R$79,AU$62,$AO$65) -> 2 | Y69: =INDEX($C$64:$R$79,$AO66,AU$62)+INDEX($C$64:$R$79,AU$62,$AO$66) -> 2 | Z69: =INDEX($C$64:$R$79,$AO67,AU$62)+INDEX($C$64:$R$79,AU$62,$AO$67) -> 1 | AA69: =INDEX($C$64:$R$79,$AO68,AU$62)+INDEX($C$64:$R$79,AU$62,$AO$68) -> 3 | AC69: =INDEX($C$64:$R$79,$AO69,AV$62)+INDEX($C$64:$R$79,AV$62,$AO$69) -> 0 | AD69: =INDEX($C$64:$R$79,$AO69,AW$62)+INDEX($C$64:$R$79,AW$62,$AO$69) -> 1 | AE69: =INDEX($C$64:$R$79,$AO69,AX$62)+INDEX($C$64:$R$79,AX$62,$AO$69) -> 0 | AF69: =INDEX($C$64:$R$79,$AO69,AY$62)+INDEX($C$64:$R$79,AY$62,$AO$69) -> 0 | AG69: =INDEX($C$64:$R$79,$AO69,AZ$62)+INDEX($C$64:$R$79,AZ$62,$AO$69) -> 1 | AH69: =INDEX($C$64:$R$79,$AO69,BA$62)+INDEX($C$64:$R$79,BA$62,$AO$69) -> 1 | AI69: =INDEX($C$64:$R$79,$AO69,BB$62)+INDEX($C$64:$R$79,BB$62,$AO$69) -> 0 | AJ69: =INDEX($C$64:$R$79,$AO69,BC$62)+INDEX($C$64:$R$79,BC$62,$AO$69) -> 0 | ... AL69: =INDEX($C$64:$R$79,$AO69,BE$62)+INDEX($C$64:$R$79,BE$62,$AO$69) -> 0 | AM69: =SUM(W69:AL69) -> 14 | AO69: 6
B70: Ecuador | C70: =C10+C30+C50 -> 0 | D70: =D10+D30+D50 -> 1 | E70: =E10+E30+E50 -> 1 | F70: =F10+F30+F50 -> 1 | G70: =G10+G30+G50 -> 2 | H70: =H10+H30+H50 -> 0 | J70: =J10+J30+J50 -> 0 | K70: =K10+K30+K50 -> 0 | L70: =L10+L30+L50 -> 0 | M70: =M10+M30+M50 -> 1 | N70: =N10+N30+N50 -> 7 | O70: =O10+O30+O50 -> 3 | P70: =P10+P30+P50 -> 1 | Q70: =Q10+Q30+Q50 -> 4 | R70: =R10+R30+R50 -> 2 | S70: =SUM(C70:R70) -> 23 | V70: Ecuador | W70: =INDEX($C$64:$R$79,$AO64,AV$62)+INDEX($C$64:$R$79,AV$62,$AO$64) -> 15 | X70: =INDEX($C$64:$R$79,$AO65,AV$62)+INDEX($C$64:$R$79,AV$62,$AO$65) -> 8 | Y70: =INDEX($C$64:$R$79,$AO66,AV$62)+INDEX($C$64:$R$79,AV$62,$AO$66) -> 13 | Z70: =INDEX($C$64:$R$79,$AO67,AV$62)+INDEX($C$64:$R$79,AV$62,$AO$67) -> 14 | AA70: =INDEX($C$64:$R$79,$AO68,AV$62)+INDEX($C$64:$R$79,AV$62,$AO$68) -> 12 | AB70: =INDEX($C$64:$R$79,$AO69,AV$62)+INDEX($C$64:$R$79,AV$62,$AO$69) -> 0 | AD70: =INDEX($C$64:$R$79,$AO70,AW$62)+INDEX($C$64:$R$79,AW$62,$AO$70) -> 0 | AE70: =INDEX($C$64:$R$79,$AO70,AX$62)+INDEX($C$64:$R$79,AX$62,$AO$70) -> 0 | AF70: =INDEX($C$64:$R$79,$AO70,AY$62)+INDEX($C$64:$R$79,AY$62,$AO$70) -> 0 | AG70: =INDEX($C$64:$R$79,$AO70,AZ$62)+INDEX($C$64:$R$79,AZ$62,$AO$70) -> 5 | AH70: =INDEX($C$64:$R$79,$AO70,BA$62)+INDEX($C$64:$R$79,BA$62,$AO$70) -> 17 | AI70: =INDEX($C$64:$R$79,$AO70,BB$62)+INDEX($C$64:$R$79,BB$62,$AO$70) -> 11 | AJ70: =INDEX($C$64:$R$79,$AO70,BC$62)+INDEX($C$64:$R$79,BC$62,$AO$70) -> 1 | AK70: =INDEX($C$64:$R$79,$AO70,BD$62)+INDEX($C$64:$R$79,BD$62,$AO$70) -> 17 | AL70: =INDEX($C$64:$R$79,$AO70,BE$62)+INDEX($C$64:$R$79,BE$62,$AO$70) -> 3 | AM70: =SUM(W70:AL70) -> 116 | AO70: 7
B71: Honduras | C71: =C11+C31+C51 -> 0 | D71: =D11+D31+D51 -> 1 | E71: =E11+E31+E51 -> 1 | F71: =F11+F31+F51 -> 0 | G71: =G11+G31+G51 -> 0 | H71: =H11+H31+H51 -> 0 | I71: =I11+I31+I51 -> 0 | K71: =K11+K31+K51 -> 0 | L71: =L11+L31+L51 -> 0 | M71: =M11+M31+M51 -> 0 | N71: =N11+N31+N51 -> 0 | O71: =O11+O31+O51 -> 0 | P71: =P11+P31+P51 -> 0 | Q71: =Q11+Q31+Q51 -> 1 | R71: =R11+R31+R51 -> 0 | S71: =SUM(C71:R71) -> 3 | V71: Honduras | W71: =INDEX($C$64:$R$79,$AO64,AW$62)+INDEX($C$64:$R$79,AW$62,$AO$64) -> 0 | X71: =INDEX($C$64:$R$79,$AO65,AW$62)+INDEX($C$64:$R$79,AW$62,$AO$65) -> 1 | Y71: =INDEX($C$64:$R$79,$AO66,AW$62)+INDEX($C$64:$R$79,AW$62,$AO$66) -> 1 | Z71: =INDEX($C$64:$R$79,$AO67,AW$62)+INDEX($C$64:$R$79,AW$62,$AO$67) -> 0 | AA71: =INDEX($C$64:$R$79,$AO68,AW$62)+INDEX($C$64:$R$79,AW$62,$AO$68) -> 1 | AB71: =INDEX($C$64:$R$79,$AO69,AW$62)+INDEX($C$64:$R$79,AW$62,$AO$69) -> 1 | AC71: =INDEX($C$64:$R$79,$AO70,AW$62)+INDEX($C$64:$R$79,AW$62,$AO$70) -> 0 | AE71: =INDEX($C$64:$R$79,$AO71,AX$62)+INDEX($C$64:$R$79,AX$62,$AO$71) -> 0 | AF71: =INDEX($C$64:$R$79,$AO71,AY$62)+INDEX($C$64:$R$79,AY$62,$AO$71) -> 0 | AG71: =INDEX($C$64:$R$79,$AO71,AZ$62)+INDEX($C$64:$R$79,AZ$62,$AO$71) -> 0 | AH71: =INDEX($C$64:$R$79,$AO71,BA$62)+INDEX($C$64:$R$79,BA$62,$AO$71) -> 0 | AI71: =INDEX($C$64:$R$79,$AO71,BB$62)+INDEX($C$64:$R$79,BB$62,$AO$71) -> 0 | AJ71: =INDEX($C$64:$R$79,$AO71,BC$62)+INDEX($C$64:$R$79,BC$62,$AO$71) -> 0 | AK71: =INDEX($C$64:$R$79,$AO71,BD$62)+INDEX($C$64:$R$79,BD$62,$AO$71) -> 2 | AL71: =INDEX($C$64:$R$79,$AO71,BE$62)+INDEX($C$64:$R$79,BE$62,$AO$71) -> 0 | AM71: =SUM(W71:AL71) -> 6 | AO71: 8
B72: Jamaica | C72: =C12+C32+C52 -> 0 | D72: =D12+D32+D52 -> 0 | E72: =E12+E32+E52 -> 0 | F72: =F12+F32+F52 -> 0 | G72: =G12+G32+G52 -> 0 | H72: =H12+H32+H52 -> 0 | I72: =I12+I32+I52 -> 0 | J72: =J12+J32+J52 -> 0 | L72: =L12+L32+L52 -> 0 | M72: =M12+M32+M52 -> 0 | N72: =N12+N32+N52 -> 0 | O72: =O12+O32+O52 -> 0 | P72: =P12+P32+P52 -> 0 | Q72: =Q12+Q32+Q52 -> 0 | R72: =R12+R32+R52 -> 0 | S72: =SUM(C72:R72) -> 0 | V72: Jamaica | W72: =INDEX($C$64:$R$79,$AO64,AX$62)+INDEX($C$64:$R$79,AX$62,$AO$64) -> 1 | X72: =INDEX($C$64:$R$79,$AO65,AX$62)+INDEX($C$64:$R$79,AX$62,$AO$65) -> 0 | Y72: =INDEX($C$64:$R$79,$AO66,AX$62)+INDEX($C$64:$R$79,AX$62,$AO$66) -> 0 | Z72: =INDEX($C$64:$R$79,$AO67,AX$62)+INDEX($C$64:$R$79,AX$62,$AO$67) -> 0 | AA72: =INDEX($C$64:$R$79,$AO68,AX$62)+INDEX($C$64:$R$79,AX$62,$AO$68) -> 0 | AB72: =INDEX($C$64:$R$79,$AO69,AX$62)+INDEX($C$64:$R$79,AX$62,$AO$69) -> 0 | AC72: =INDEX($C$64:$R$79,$AO70,AX$62)+INDEX($C$64:$R$79,AX$62,$AO$70) -> 0 | AD72: =INDEX($C$64:$R$79,$AO71,AX$62)+INDEX($C$64:$R$79,AX$62,$AO$71) -> 0 | AF72: =INDEX($C$64:$R$79,$AO72,AY$62)+INDEX($C$64:$R$79,AY$62,$AO$72) -> 0 | AG72: =INDEX($C$64:$R$79,$AO72,AZ$62)+INDEX($C$64:$R$79,AZ$62,$AO$72) -> 0 | AH72: =INDEX($C$64:$R$79,$AO72,BA$62)+INDEX($C$64:$R$79,BA$62,$AO$72) -> 1 | AI72: =INDEX($C$64:$R$79,$AO72,BB$62)+INDEX($C$64:$R$79,BB$62,$AO$72) -> 0 | AJ72: =INDEX($C$64:$R$79,$AO72,BC$62)+INDEX($C$64:$R$79,BC$62,$AO$72) -> 0 | AK72: =INDEX($C$64:$R$79,$AO72,BD$62)+INDEX($C$64:$R$79,BD$62,$AO$72) -> 1 | AL72: =INDEX($C$64:$R$79,$AO72,BE$62)+INDEX($C$64:$R$79,BE$62,$AO$72) -> 0 | AM72: =SUM(W72:AL72) -> 3 | AO72: 9
B73: Japan | C73: =C13+C33+C53 -> 0 | D73: =D13+D33+D53 -> 0 | E73: =E13+E33+E53 -> 0 | F73: =F13+F33+F53 -> 0 | G73: =G13+G33+G53 -> 0 | H73: =H13+H33+H53 -> 0 | I73: =I13+I33+I53 -> 0 | J73: =J13+J33+J53 -> 0 | K73: =K13+K33+K53 -> 0 | M73: =M13+M33+M53 -> 0 | N73: =N13+N33+N53 -> 0 | O73: =O13+O33+O53 -> 0 | P73: =P13+P33+P53 -> 0 | Q73: =Q13+Q33+Q53 -> 0 | R73: =R13+R33+R53 -> 0 | S73: =SUM(C73:R73) -> 0 | V73: Japan | W73: =INDEX($C$64:$R$79,$AO64,AY$62)+INDEX($C$64:$R$79,AY$62,$AO$64) -> 0 | X73: =INDEX($C$64:$R$79,$AO65,AY$62)+INDEX($C$64:$R$79,AY$62,$AO$65) -> 1 | Y73: =INDEX($C$64:$R$79,$AO66,AY$62)+INDEX($C$64:$R$79,AY$62,$AO$66) -> 0 | Z73: =INDEX($C$64:$R$79,$AO67,AY$62)+INDEX($C$64:$R$79,AY$62,$AO$67) -> 0 | AA73: =INDEX($C$64:$R$79,$AO68,AY$62)+INDEX($C$64:$R$79,AY$62,$AO$68) -> 0 | AB73: =INDEX($C$64:$R$79,$AO69,AY$62)+INDEX($C$64:$R$79,AY$62,$AO$69) -> 0 | AC73: =INDEX($C$64:$R$79,$AO70,AY$62)+INDEX($C$64:$R$79,AY$62,$AO$70) -> 0 | AD73: =INDEX($C$64:$R$79,$AO71,AY$62)+INDEX($C$64:$R$79,AY$62,$AO$71) -> 0 | AE73: =INDEX($C$64:$R$79,$AO72,AY$62)+INDEX($C$64:$R$79,AY$62,$AO$72) -> 0 | AG73: =INDEX($C$64:$R$79,$AO73,AZ$62)+INDEX($C$64:$R$79,AZ$62,$AO$73) -> 0 | AH73: =INDEX($C$64:$R$79,$AO73,BA$62)+INDEX($C$64:$R$79,BA$62,$AO$73) -> 1 | AI73: =INDEX($C$64:$R$79,$AO73,BB$62)+INDEX($C$64:$R$79,BB$62,$AO$73) -> 1 | AJ73: =INDEX($C$64:$R$79,$AO73,BC$62)+INDEX($C$64:$R$79,BC$62,$AO$73) -> 0 | AK73: =INDEX($C$64:$R$79,$AO73,BD$62)+INDEX($C$64:$R$79,BD$62,$AO$73) -> 0 | AL73: =INDEX($C$64:$R$79,$AO73,BE$62)+INDEX($C$64:$R$79,BE$62,$AO$73) -> 0 | AM73: =SUM(W73:AL73) -> 3 | AO73: 10
B74: Mexico | C74: =C14+C34+C54 -> 1 | D74: =D14+D34+D54 -> 0 | E74: =E14+E34+E54 -> 2 | F74: =F14+F34+F54 -> 3 | G74: =G14+G34+G54 -> 1 | H74: =H14+H34+H54 -> 1 | I74: =I14+I34+I54 -> 4 | J74: =J14+J34+J54 -> 0 | ... L74: =L14+L34+L54 -> 0 | N74: =N14+N34+N54 -> 1 | O74: =O14+O34+O54 -> 2 | P74: =P14+P34+P54 -> 1 | Q74: =Q14+Q34+Q54 -> 2 | R74: =R14+R34+R54 -> 2 | S74: =SUM(C74:R74) -> 20 | V74: Mexico | W74: =INDEX($C$64:$R$79,$AO64,AZ$62)+INDEX($C$64:$R$79,AZ$62,$AO$64) -> 4 | X74: =INDEX($C$64:$R$79,$AO65,AZ$62)+INDEX($C$64:$R$79,AZ$62,$AO$65) -> 3 | Y74: =INDEX($C$64:$R$79,$AO66,AZ$62)+INDEX($C$64:$R$79,AZ$62,$AO$66) -> 6 | Z74: =INDEX($C$64:$R$79,$AO67,AZ$62)+INDEX($C$64:$R$79,AZ$62,$AO$67) -> 6 | AA74: =INDEX($C$64:$R$79,$AO68,AZ$62)+INDEX($C$64:$R$79,AZ$62,$AO$68) -> 3 | AB74: =INDEX($C$64:$R$79,$AO69,AZ$62)+INDEX($C$64:$R$79,AZ$62,$AO$69) -> 1 | AC74: =INDEX($C$64:$R$79,$AO70,AZ$62)+INDEX($C$64:$R$79,AZ$62,$AO$70) -> 5 | AD74: =INDEX($C$64:$R$79,$AO71,AZ$62)+INDEX($C$64:$R$79,AZ$62,$AO$71) -> 0 | AE74: =INDEX($C$64:$R$79,$AO72,AZ$62)+INDEX($C$64:$R$79,AZ$62,$AO$72) -> 0 | AF74: =INDEX($C$64:$R$79,$AO73,AZ$62)+INDEX($C$64:$R$79,AZ$62,$AO$73) -> 0 | AH74: =INDEX($C$64:$R$79,$AO74,BA$62)+INDEX($C$64:$R$79,BA$62,$AO$74) -> 3 | AI74: =INDEX($C$64:$R$79,$AO74,BB$62)+INDEX($C$64:$R$79,BB$62,$AO$74) -> 5 | AJ74: =INDEX($C$64:$R$79,$AO74,BC$62)+INDEX($C$64:$R$79,BC$62,$AO$74) -> 1 | AK74: =INDEX($C$64:$R$79,$AO74,BD$62)+INDEX($C$64:$R$79,BD$62,$AO$74) -> 5 | AL74: =INDEX($C$64:$R$79,$AO74,BE$62)+INDEX($C$64:$R$79,BE$62,$AO$74) -> 2 | AM74: =SUM(W74:AL74) -> 44 | AO74: 11
B75: Paraguay | C75: =C15+C35+C55 -> 0 | D75: =D15+D35+D55 -> 7 | E75: =E15+E35+E55 -> 16 | F75: =F15+F35+F55 -> 12 | G75: =G15+G35+G55 -> 5 | H75: =H15+H35+H55 -> 1 | I75: =I15+I35+I55 -> 10 | J75: =J15+J35+J55 -> 0 | ... M75: =M15+M35+M55 -> 2 | O75: =O15+O35+O55 -> 14 | P75: =P15+P35+P55 -> 1 | Q75: =Q15+Q35+Q55 -> 12 | R75: =R15+R35+R55 -> 6 | S75: =SUM(C75:R75) -> 88 | V75: Paraguay | W75: =INDEX($C$64:$R$79,$AO64,BA$62)+INDEX($C$64:$R$79,BA$62,$AO$64) -> 23 | X75: =INDEX($C$64:$R$79,$AO65,BA$62)+INDEX($C$64:$R$79,BA$62,$AO$65) -> 10 | Y75: =INDEX($C$64:$R$79,$AO66,BA$62)+INDEX($C$64:$R$79,BA$62,$AO$66) -> 29 | Z75: =INDEX($C$64:$R$79,$AO67,BA$62)+INDEX($C$64:$R$79,BA$62,$AO$67) -> 21 | AA75: =INDEX($C$64:$R$79,$AO68,BA$62)+INDEX($C$64:$R$79,BA$62,$AO$68) -> 9 | AB75: =INDEX($C$64:$R$79,$AO69,BA$62)+INDEX($C$64:$R$79,BA$62,$AO$69) -> 1 | AC75: =INDEX($C$64:$R$79,$AO70,BA$62)+INDEX($C$64:$R$79,BA$62,$AO$70) -> 17 | AD75: =INDEX($C$64:$R$79,$AO71,BA$62)+INDEX($C$64:$R$79,BA$62,$AO$71) -> 0 | AE75: =INDEX($C$64:$R$79,$AO72,BA$62)+INDEX($C$64:$R$79,BA$62,$AO$72) -> 1 | AF75: =INDEX($C$64:$R$79,$AO73,BA$62)+INDEX($C$64:$R$79,BA$62,$AO$73) -> 1 | AG75: =INDEX($C$64:$R$79,$AO74,BA$62)+INDEX($C$64:$R$79,BA$62,$AO$74) -> 3 | AI75: =INDEX($C$64:$R$79,$AO75,BB$62)+INDEX($C$64:$R$79,BB$62,$AO$75) -> 16 | AJ75: =INDEX($C$64:$R$79,$AO75,BC$62)+INDEX($C$64:$R$79,BC$62,$AO$75) -> 1 | AK75: =INDEX($C$64:$R$79,$AO75,BD$62)+INDEX($C$64:$R$79,BD$62,$AO$75) -> 26 | AL75: =INDEX($C$64:$R$79,$AO75,BE$62)+INDEX($C$64:$R$79,BE$62,$AO$75) -> 6 | AM75: =SUM(W75:AL75) -> 164 | AO75: 12
B76: Peru | C76: =C16+C36+C56 -> 3 | D76: =D16+D36+D56 -> 7 | E76: =E16+E36+E56 -> 5 | F76: =F16+F36+F56 -> 6 | G76: =G16+G36+G56 -> 7 | H76: =H16+H36+H56 -> 0 | I76: =I16+I36+I56 -> 8 | J76: =J16+J36+J56 -> 0 | ... N76: =N16+N36+N56 -> 2 | P76: =P16+P36+P56 -> 0 | Q76: =Q16+Q36+Q56 -> 8 | R76: =R16+R36+R56 -> 6 | S76: =SUM(C76:R76) -> 56 | V76: Peru | W76: =INDEX($C$64:$R$79,$AO64,BB$62)+INDEX($C$64:$R$79,BB$62,$AO$64) -> 17 | X76: =INDEX($C$64:$R$79,$AO65,BB$62)+INDEX($C$64:$R$79,BB$62,$AO$65) -> 14 | Y76: =INDEX($C$64:$R$79,$AO66,BB$62)+INDEX($C$64:$R$79,BB$62,$AO$66) -> 16 | Z76: =INDEX($C$64:$R$79,$AO67,BB$62)+INDEX($C$64:$R$79,BB$62,$AO$67) -> 19 | AA76: =INDEX($C$64:$R$79,$AO68,BB$62)+INDEX($C$64:$R$79,BB$62,$AO$68) -> 14 | AB76: =INDEX($C$64:$R$79,$AO69,BB$62)+INDEX($C$64:$R$79,BB$62,$AO$69) -> 0 | AC76: =INDEX($C$64:$R$79,$AO70,BB$62)+INDEX($C$64:$R$79,BB$62,$AO$70) -> 11 | AD76: =INDEX($C$64:$R$79,$AO71,BB$62)+INDEX($C$64:$R$79,BB$62,$AO$71) -> 0 | AE76: =INDEX($C$64:$R$79,$AO72,BB$62)+INDEX($C$64:$R$79,BB$62,$AO$72) -> 0 | AF76: =INDEX($C$64:$R$79,$AO73,BB$62)+INDEX($C$64:$R$79,BB$62,$AO$73) -> 1 | AG76: =INDEX($C$64:$R$79,$AO74,BB$62)+INDEX($C$64:$R$79,BB$62,$AO$74) -> 5 | AH76: =INDEX($C$64:$R$79,$AO75,BB$62)+INDEX($C$64:$R$79,BB$62,$AO$75) -> 16 | AJ76: =INDEX($C$64:$R$79,$AO76,BC$62)+INDEX($C$64:$R$79,BC$62,$AO$76) -> 0 | AK76: =INDEX($C$64:$R$79,$AO76,BD$62)+INDEX($C$64:$R$79,BD$62,$AO$76) -> 20 | AL76: =INDEX($C$64:$R$79,$AO76,BE$62)+INDEX($C$64:$R$79,BE$62,$AO$76) -> 7 | AM76: =SUM(W76:AL76) -> 140 | AO76: 13
B77: United States | C77: =C17+C37+C57 -> 1 | D77: =D17+D37+D57 -> 0 | E77: =E17+E37+E57 -> 0 | F77: =F17+F37+F57 -> 1 | G77: =G17+G37+G57 -> 0 | H77: =H17+H37+H57 -> 0 | I77: =I17+I37+I57 -> 0 | J77: =J17+J37+J57 -> 0 | ... O77: =O17+O37+O57 -> 0 | Q77: =Q17+Q37+Q57 -> 0 | R77: =R17+R37+R57 -> 0 | S77: =SUM(C77:R77) -> 2 | V77: United States | W77: =INDEX($C$64:$R$79,$AO64,BC$62)+INDEX($C$64:$R$79,BC$62,$AO$64) -> 2 | X77: =INDEX($C$64:$R$79,$AO65,BC$62)+INDEX($C$64:$R$79,BC$62,$AO$65) -> 1 | Y77: =INDEX($C$64:$R$79,$AO66,BC$62)+INDEX($C$64:$R$79,BC$62,$AO$66) -> 1 | Z77: =INDEX($C$64:$R$79,$AO67,BC$62)+INDEX($C$64:$R$79,BC$62,$AO$67) -> 1 | AA77: =INDEX($C$64:$R$79,$AO68,BC$62)+INDEX($C$64:$R$79,BC$62,$AO$68) -> 2 | AB77: =INDEX($C$64:$R$79,$AO69,BC$62)+INDEX($C$64:$R$79,BC$62,$AO$69) -> 0 | AC77: =INDEX($C$64:$R$79,$AO70,BC$62)+INDEX($C$64:$R$79,BC$62,$AO$70) -> 1 | AD77: =INDEX($C$64:$R$79,$AO71,BC$62)+INDEX($C$64:$R$79,BC$62,$AO$71) -> 0 | AE77: =INDEX($C$64:$R$79,$AO72,BC$62)+INDEX($C$64:$R$79,BC$62,$AO$72) -> 0 | AF77: =INDEX($C$64:$R$79,$AO73,BC$62)+INDEX($C$64:$R$79,BC$62,$AO$73) -> 0 | AG77: =INDEX($C$64:$R$79,$AO74,BC$62)+INDEX($C$64:$R$79,BC$62,$AO$74) -> 1 | AH77: =INDEX($C$64:$R$79,$AO75,BC$62)+INDEX($C$64:$R$79,BC$62,$AO$75) -> 1 | AI77: =INDEX($C$64:$R$79,$AO76,BC$62)+INDEX($C$64:$R$79,BC$62,$AO$76) -> 0 | AK77: =INDEX($C$64:$R$79,$AO77,BD$62)+INDEX($C$64:$R$79,BD$62,$AO$77) -> 1 | AL77: =INDEX($C$64:$R$79,$AO77,BE$62)+INDEX($C$64:$R$79,BE$62,$AO$77) -> 1 | AM77: =SUM(W77:AL77) -> 12 | AO77: 14
B78: Uruguay | C78: =C18+C38+C58 -> 13 | D78: =D18+D38+D58 -> 13 | E78: =E18+E38+E58 -> 17 | F78: =F18+F38+F58 -> 18 | G78: =G18+G38+G58 -> 6 | H78: =H18+H38+H58 -> 2 | I78: =I18+I38+I58 -> 13 | J78: =J18+J38+J58 -> 1 | ... P78: =P18+P38+P58 -> 1 | R78: =R18+R38+R58 -> 8 | S78: =SUM(C78:R78) -> 122 | V78: Uruguay | W78: =INDEX($C$64:$R$79,$AO64,BD$62)+INDEX($C$64:$R$79,BD$62,$AO$64) -> 31 | X78: =INDEX($C$64:$R$79,$AO65,BD$62)+INDEX($C$64:$R$79,BD$62,$AO$65) -> 16 | Y78: =INDEX($C$64:$R$79,$AO66,BD$62)+INDEX($C$64:$R$79,BD$62,$AO$66) -> 26 | Z78: =INDEX($C$64:$R$79,$AO67,BD$62)+INDEX($C$64:$R$79,BD$62,$AO$67) -> 28 | AA78: =INDEX($C$64:$R$79,$AO68,BD$62)+INDEX($C$64:$R$79,BD$62,$AO$68) -> 11 | AB78: =INDEX($C$64:$R$79,$AO69,BD$62)+INDEX($C$64:$R$79,BD$62,$AO$69) -> 2 | AC78: =INDEX($C$64:$R$79,$AO70,BD$62)+INDEX($C$64:$R$79,BD$62,$AO$70) -> 17 | AD78: =INDEX($C$64:$R$79,$AO71,BD$62)+INDEX($C$64:$R$79,BD$62,$AO$71) -> 2 | AE78: =INDEX($C$64:$R$79,$AO72,BD$62)+INDEX($C$64:$R$79,BD$62,$AO$72) -> 1 | AF78: =INDEX($C$64:$R$79,$AO73,BD$62)+INDEX($C$64:$R$79,BD$62,$AO$73) -> 0 | AG78: =INDEX($C$64:$R$79,$AO74,BD$62)+INDEX($C$64:$R$79,BD$62,$AO$74) -> 5 | AH78: =INDEX($C$64:$R$79,$AO75,BD$62)+INDEX($C$64:$R$79,BD$62,$AO$75) -> 26 | AI78: =INDEX($C$64:$R$79,$AO76,BD$62)+INDEX($C$64:$R$79,BD$62,$AO$76) -> 20 | AJ78: =INDEX($C$64:$R$79,$AO77,BD$62)+INDEX($C$64:$R$79,BD$62,$AO$77) -> 1 | AL78: =INDEX($C$64:$R$79,$AO78,BE$62)+INDEX($C$64:$R$79,BE$62,$AO$78) -> 8 | AM78: =SUM(W78:AL78) -> 194 | AO78: 15
B79: Venezuela | C79: =C19+C39+C59 -> 0 | D79: =D19+D39+D59 -> 1 | E79: =E19+E39+E59 -> 1 | F79: =F19+F39+F59 -> 1 | G79: =G19+G39+G59 -> 1 | H79: =H19+H39+H59 -> 0 | I79: =I19+I39+I59 -> 1 | J79: =J19+J39+J59 -> 0 | ... Q79: =Q19+Q39+Q59 -> 0 | S79: =SUM(C79:R79) -> 7 | V79: Venezuela | W79: =INDEX($C$64:$R$79,$AO64,BE$62)+INDEX($C$64:$R$79,BE$62,$AO$64) -> 4 | X79: =INDEX($C$64:$R$79,$AO65,BE$62)+INDEX($C$64:$R$79,BE$62,$AO$65) -> 4 | Y79: =INDEX($C$64:$R$79,$AO66,BE$62)+INDEX($C$64:$R$79,BE$62,$AO$66) -> 6 | Z79: =INDEX($C$64:$R$79,$AO67,BE$62)+INDEX($C$64:$R$79,BE$62,$AO$67) -> 10 | AA79: =INDEX($C$64:$R$79,$AO68,BE$62)+INDEX($C$64:$R$79,BE$62,$AO$68) -> 6 | AB79: =INDEX($C$64:$R$79,$AO69,BE$62)+INDEX($C$64:$R$79,BE$62,$AO$69) -> 0 | AC79: =INDEX($C$64:$R$79,$AO70,BE$62)+INDEX($C$64:$R$79,BE$62,$AO$70) -> 3 | AD79: =INDEX($C$64:$R$79,$AO71,BE$62)+INDEX($C$64:$R$79,BE$62,$AO$71) -> 0 | AE79: =INDEX($C$64:$R$79,$AO72,BE$62)+INDEX($C$64:$R$79,BE$62,$AO$72) -> 0 | AF79: =INDEX($C$64:$R$79,$AO73,BE$62)+INDEX($C$64:$R$79,BE$62,$AO$73) -> 0 | AG79: =INDEX($C$64:$R$79,$AO74,BE$62)+INDEX($C$64:$R$79,BE$62,$AO$74) -> 2 | AH79: =INDEX($C$64:$R$79,$AO75,BE$62)+INDEX($C$64:$R$79,BE$62,$AO$75) -> 6 | AI79: =INDEX($C$64:$R$79,$AO76,BE$62)+INDEX($C$64:$R$79,BE$62,$AO$76) -> 7 | AJ79: =INDEX($C$64:$R$79,$AO77,BE$62)+INDEX($C$64:$R$79,BE$62,$AO$77) -> 1 | AK79: =INDEX($C$64:$R$79,$AO79,BD$62)+INDEX($C$64:$R$79,BD$62,$AO$78) -> 0 | AM79: =SUM(W79:AL79) -> 49 | AO79: 16
A81: Partidos ganados
C82: Equipo perdedor
C83: Argentina | D83: Bolivia | E83: Brazil | F83: Chile | G83: Colombia | H83: Costa Rica | I83: Ecuador | J83: Honduras | K83: Jamaica | L83: Japan | M83: Mexico | N83: Paraguay | O83: Peru | P83: United States | Q83: Uruguay | R83: Venezuela | S83: Total Jugados
A84: Equipo ganador | B84: Argentina | D84: =D4+D24 -> 10 | E84: =E4+E24 -> 15 | F84: =F4+F24 -> 18 | G84: =G4+G24 -> 7 | H84: =H4+H24 -> 1 | I84: =I4+I24 -> 10 | J84: =J4+J24 -> 0 | K84: =K4+K24 -> 1 | ... R84: =R4+R24 -> 4 | S84: =SUM(C84:R84) -> 113
B85: Bolivia | C85: =C5+C25 -> 2 | E85: =E5+E25 -> 2 | F85: =F5+F25 -> 2 | G85: =G5+G25 -> 3 | H85: =H5+H25 -> 0 | I85: =I5+I25 -> 2 | J85: =J5+J25 -> 0 | K85: =K5+K25 -> 0 | L85: =L5+L25 -> 0 | ... R85: =R5+R25 -> 1 | S85: =SUM(C85:R85) -> 20
B86: Brazil | C86: =C6+C26 -> 9 | D86: =D6+D26 -> 8 | F86: =F6+F26 -> 16 | G86: =G6+G26 -> 7 | H86: =H6+H26 -> 2 | I86: =I6+I26 -> 12 | J86: =J6+J26 -> 0 | K86: =K6+K26 -> 0 | L86: =L6+L26 -> 0 | M86: =M6+M26 -> 4 | ... R86: =R6+R26 -> 5 | S86: =SUM(C86:R86) -> 97
B87: Chile | C87: =C7+C27 -> 0 | D87: =D7+D27 -> 8 | E87: =E7+E27 -> 3 | G87: =G7+G27 -> 7 | H87: =H7+H27 -> 0 | I87: =I7+I27 -> 12 | J87: =J7+J27 -> 0 | K87: =K7+K27 -> 0 | L87: =L7+L27 -> 0 | M87: =M7+M27 -> 1 | N87: =N7+N27 -> 7 | ... R87: =R7+R27 -> 7 | S87: =SUM(C87:R87) -> 58
B88: Colombia | C88: =C8+C28 -> 2 | D88: =D8+D28 -> 4 | E88: =E8+E28 -> 2 | F88: =F8+F28 -> 2 | H88: =H8+H28 -> 3 | I88: =I8+I28 -> 9 | J88: =J8+J28 -> 1 | K88: =K8+K28 -> 0 | L88: =L8+L28 -> 0 | M88: =M8+M28 -> 2 | N88: =N8+N28 -> 3 | O88: =O8+O28 -> 2 | ... R88: =R8+R28 -> 4 | S88: =SUM(C88:R88) -> 39
B89: Costa Rica | C89: =C9+C29 -> 0 | D89: =D9+D29 -> 2 | E89: =E9+E29 -> 0 | F89: =F9+F29 -> 1 | G89: =G9+G29 -> 0 | I89: =I9+I29 -> 0 | J89: =J9+J29 -> 1 | K89: =K9+K29 -> 0 | L89: =L9+L29 -> 0 | M89: =M9+M29 -> 0 | N89: =N9+N29 -> 0 | O89: =O9+O29 -> 0 | P89: =P9+P29 -> 0 | ... R89: =R9+R29 -> 0 | S89: =SUM(C89:R89) -> 4
B90: Ecuador | C90: =C10+C30 -> 0 | D90: =D10+D30 -> 1 | E90: =E10+E30 -> 0 | F90: =F10+F30 -> 1 | G90: =G10+G30 -> 2 | H90: =H10+H30 -> 0 | J90: =J10+J30 -> 0 | K90: =K10+K30 -> 0 | L90: =L10+L30 -> 0 | M90: =M10+M30 -> 0 | N90: =N10+N30 -> 3 | O90: =O10+O30 -> 1 | P90: =P10+P30 -> 1 | Q90: =Q10+Q30 -> 3 | R90: =R10+R30 -> 2 | S90: =SUM(C90:R90) -> 14
B91: Honduras | C91: =C11+C31 -> 0 | D91: =D11+D31 -> 1 | E91: =E11+E31 -> 1 | F91: =F11+F31 -> 0 | G91: =G11+G31 -> 0 | H91: =H11+H31 -> 0 | I91: =I11+I31 -> 0 | K91: =K11+K31 -> 0 | L91: =L11+L31 -> 0 | M91: =M11+M31 -> 0 | N91: =N11+N31 -> 0 | O91: =O11+O31 -> 0 | P91: =P11+P31 -> 0 | Q91: =Q11+Q31 -> 1 | R91: =R11+R31 -> 0 | S91: =SUM(C91:R91) -> 3
B92: Jamaica | C92: =C12+C32 -> 0 | D92: =D12+D32 -> 0 | E92: =E12+E32 -> 0 | F92: =F12+F32 -> 0 | G92: =G12+G32 -> 0 | H92: =H12+H32 -> 0 | I92: =I12+I32 -> 0 | J92: =J12+J32 -> 0 | L92: =L12+L32 -> 0 | M92: =M12+M32 -> 0 | N92: =N12+N32 -> 0 | O92: =O12+O32 -> 0 | P92: =P12+P32 -> 0 | Q92: =Q12+Q32 -> 0 | R92: =R12+R32 -> 0 | S92: =SUM(C92:R92) -> 0
B93: Japan | C93: =C13+C33 -> 0 | D93: =D13+D33 -> 0 | E93: =E13+E33 -> 0 | F93: =F13+F33 -> 0 | G93: =G13+G33 -> 0 | H93: =H13+H33 -> 0 | I93: =I13+I33 -> 0 | J93: =J13+J33 -> 0 | K93: =K13+K33 -> 0 | M93: =M13+M33 -> 0 | N93: =N13+N33 -> 0 | O93: =O13+O33 -> 0 | P93: =P13+P33 -> 0 | Q93: =Q13+Q33 -> 0 | R93: =R13+R33 -> 0 | S93: =SUM(C93:R93) -> 0
B94: Mexico | C94: =C14+C34 -> 1 | D94: =D14+D34 -> 0 | E94: =E14+E34 -> 2 | F94: =F14+F34 -> 3 | G94: =G14+G34 -> 1 | H94: =H14+H34 -> 0 | I94: =I14+I34 -> 4 | J94: =J14+J34 -> 0 | ... L94: =L14+L34 -> 0 | N94: =N14+N34 -> 1 | O94: =O14+O34 -> 2 | P94: =P14+P34 -> 0 | Q94: =Q14+Q34 -> 2 | R94: =R14+R34 -> 2 | S94: =SUM(C94:R94) -> 18
B95: Paraguay | C95: =C15+C35 -> 0 | D95: =D15+D35 -> 7 | E95: =E15+E35 -> 7 | F95: =F15+F35 -> 12 | G95: =G15+G35 -> 5 | H95: =H15+H35 -> 1 | I95: =I15+I35 -> 10 | J95: =J15+J35 -> 0 | ... M95: =M15+M35 -> 1 | O95: =O15+O35 -> 7 | P95: =P15+P35 -> 1 | Q95: =Q15+Q35 -> 6 | R95: =R15+R35 -> 4 | S95: =SUM(C95:R95) -> 63
B96: Peru | C96: =C16+C36 -> 3 | D96: =D16+D36 -> 7 | E96: =E16+E36 -> 2 | F96: =F16+F36 -> 6 | G96: =G16+G36 -> 7 | H96: =H16+H36 -> 0 | I96: =I16+I36 -> 8 | J96: =J16+J36 -> 0 | ... N96: =N16+N36 -> 2 | P96: =P16+P36 -> 0 | Q96: =Q16+Q36 -> 6 | R96: =R16+R36 -> 5 | S96: =SUM(C96:R96) -> 49
B97: United States | C97: =C17+C37 -> 1 | D97: =D17+D37 -> 0 | E97: =E17+E37 -> 0 | F97: =F17+F37 -> 1 | G97: =G17+G37 -> 0 | H97: =H17+H37 -> 0 | I97: =I17+I37 -> 0 | J97: =J17+J37 -> 0 | ... O97: =O17+O37 -> 0 | Q97: =Q17+Q37 -> 0 | R97: =R17+R37 -> 0 | S97: =SUM(C97:R97) -> 2
B98: Uruguay | C98: =C18+C38 -> 13 | D98: =D18+D38 -> 13 | E98: =E18+E38 -> 9 | F98: =F18+F38 -> 18 | G98: =G18+G38 -> 6 | H98: =H18+H38 -> 1 | I98: =I18+I38 -> 13 | J98: =J18+J38 -> 0 | ... P98: =P18+P38 -> 1 | R98: =R18+R38 -> 6 | S98: =SUM(C98:R98) -> 108
B99: Venezuela | C99: =C19+C39 -> 0 | D99: =D19+D39 -> 1 | E99: =E19+E39 -> 0 | F99: =F19+F39 -> 1 | G99: =G19+G39 -> 1 | H99: =H19+H39 -> 0 | I99: =I19+I39 -> 1 | J99: =J19+J39 -> 0 | ... Q99: =Q19+Q39 -> 0 | S99: =SUM(C99:R99) -> 5
A101: Participación de partidos ganados
C102: Equipo perdedor
C103: Argentina | D103: Bolivia | E103: Brazil | F103: Chile | G103: Colombia | H103: Costa Rica | I103: Ecuador | J103: Honduras | K103: Jamaica | L103: Japan | M103: Mexico | N103: Paraguay | O103: Peru | P103: United States | Q103: Uruguay | R103: Venezuela
A104: Equipo ganador | B104: Argentina | D104: =IF(X64=0,"NP",D84/X64) -> 0.71428571 | E104: =IF(Y64=0,"NP",E84/Y64) -> 0.46875 | F104: =IF(Z64=0,"NP",F84/Z64) -> 0.75 | G104: =IF(AA64=0,"NP",G84/AA64) -> 0.58333333 | H104: =IF(AB64=0,"NP",H84/AB64) -> 1 | I104: =IF(AC64=0,"NP",I84/AC64) -> 0.66666667 | J104: =IF(AD64=0,"NP",J84/AD64) -> NP | K104: =IF(AE64=0,"NP",K84/AE64) -> 1 | ... R104: =IF(AL64=0,"NP",R84/AL64) -> 1
B105: Bolivia | C105: =IF(W65=0,"NP",C85/W65) -> 0.14285714 | E105: =IF(Y65=0,"NP",E85/Y65) -> 0.2 | F105: =IF(Z65=0,"NP",F85/Z65) -> 0.15384615 | G105: =IF(AA65=0,"NP",G85/AA65) -> 0.25 | H105: =IF(AB65=0,"NP",H85/AB65) -> 0 | I105: =IF(AC65=0,"NP",I85/AC65) -> 0.25 | J105: =IF(AD65=0,"NP",J85/AD65) -> 0 | K105: =IF(AE65=0,"NP",K85/AE65) -> NP | L105: =IF(AF65=0,"NP",L85/AF65) -> 0 | ... R105: =IF(AL65=0,"NP",R85/AL65) -> 0.25
...

Sheet Hoja3
A1: Equipo1 | B1: Equipo2 | C1: GolE1 | D1: GolE2
A2: Chile | B2: Uruguay | C2: 0 | D2: 4 | E2: ="['"&A2&"','"&B2&"',"&C2&","&D2&"]," -> ['Chile','Uruguay',0,4], | F2: ="['"&B2&"','"&A2&"',"&D2&","&C2&"]," -> ['Uruguay','Chile',4,0],
A3: Argentina | B3: Chile | C3: 6 | D3: 1 | E3: ="['"&A3&"','"&B3&"',"&C3&","&D3&"]," -> ['Argentina','Chile',6,1], | F3: ="['"&B3&"','"&A3&"',"&D3&","&C3&"]," -> ['Chile','Argentina',1,6],
A4: Chile | B4: Brazil | C4: 1 | D4: 1 | E4: ="['"&A4&"','"&B4&"',"&C4&","&D4&"]," -> ['Chile','Brazil',1,1], | F4: ="['"&B4&"','"&A4&"',"&D4&","&C4&"]," -> ['Brazil','Chile',1,1],
A5: Argentina | B5: Brazil | C5: 1 | D5: 1 | E5: ="['"&A5&"','"&B5&"',"&C5&","&D5&"]," -> ['Argentina','Brazil',1,1], | F5: ="['"&B5&"','"&A5&"',"&D5&","&C5&"]," -> ['Brazil','Argentina',1,1],
A6: Uruguay | B6: Brazil | C6: 2 | D6: 1 | E6: ="['"&A6&"','"&B6&"',"&C6&","&D6&"]," -> ['Uruguay','Brazil',2,1], | F6: ="['"&B6&"','"&A6&"',"&D6&","&C6&"]," -> ['Brazil','Uruguay',1,2],
A7: Argentina | B7: Uruguay | C7: 0 | D7: 0 | E7: ="['"&A7&"','"&B7&"',"&C7&","&D7&"]," -> ['Argentina','Uruguay',0,0], | F7: ="['"&B7&"','"&A7&"',"&D7&","&C7&"]," -> ['Uruguay','Argentina',0,0],
A8: Chile | B8: Uruguay | C8: 0 | D8: 4 | E8: ="['"&A8&"','"&B8&"',"&C8&","&D8&"]," -> ['Chile','Uruguay',0,4], | F8: ="['"&B8&"','"&A8&"',"&D8&","&C8&"]," -> ['Uruguay','Chile',4,0],
A9: Argentina | B9: Brazil | C9: 4 | D9: 2 | E9: ="['"&A9&"','"&B9&"',"&C9&","&D9&"]," -> ['Argentina','Brazil',4,2], | F9: ="['"&B9&"','"&A9&"',"&D9&","&C9&"]," -> ['Brazil','Argentina',2,4],
A10: Argentina | B10: Chile | C10: 1 | D10: 0 | E10: ="['"&A10&"','"&B10&"',"&C10&","&D10&"]," -> ['Argentina','Chile',1,0], | F10: ="['"&B10&"','"&A10&"',"&D10&","&C10&"]," -> ['Chile','Argentina',0,1],
A11: Uruguay | B11: Brazil | C11: 4 | D11: 0 | E11: ="['"&A11&"','"&B11&"',"&C11&","&D11&"]," -> ['Uruguay','Brazil',4,0], | F11: ="['"&B11&"','"&A11&"',"&D11&","&C11&"]," -> ['Brazil','Uruguay',0,4],
A12: Chile | B12: Brazil | C12: 0 | D12: 5 | E12: ="['"&A12&"','"&B12&"',"&C12&","&D12&"]," -> ['Chile','Brazil',0,5], | F12: ="['"&B12&"','"&A12&"',"&D12&","&C12&"]," -> ['Brazil','Chile',5,0],
A13: Argentina | B13: Uruguay | C13: 0 | D13: 1 | E13: ="['"&A13&"','"&B13&"',"&C13&","&D13&"]," -> ['Argentina','Uruguay',0,1], | F13: ="['"&B13&"','"&A13&"',"&D13&","&C13&"]," -> ['Uruguay','Argentina',1,0],
... A746: Argentina | B746: Jamaica | C746: 1 | D746: 0 | E746: ="['"&A746&"','"&B746&"',"&C746&","&D746&"]," -> ['Argentina','Jamaica',1,0], | F746: ="['"&B746&"','"&A746&"',"&D746&","&C746&"]," -> ['Jamaica','Argentina',0,1],
A747: Paraguay | B747: Uruguay | C747: 1 | D747: 1 | E747: ="['"&A747&"','"&B747&"',"&C747&","&D747&"]" -> ['Paraguay','Uruguay',1,1] | F747: ="['"&B747&"','"&A747&"',"&D747&","&C747&"]" -> ['Uruguay','Paraguay',1,1]
